Key,time,HashRate-Doge,VtyDayRet180d-Doge,VtyDayRet30d-Doge,principal_market_price_usd-Doge,principal_market_usd-Doge
1000001,2022/10/01,493.2469107,0.054204679,0.032815991,0.06169,coinbase-doge-usd-spot
1000002,2022/10/02,488.6194884,0.053059401,0.033026114,0.0606,ftx-doge-usd-spot
1000003,2022/10/03,490.9008544,0.051487384,0.033079594,0.05926,coinbase-doge-usd-spot
1000004,2022/10/04,476.5472617,0.051942977,0.036966071,0.06032,coinbase-doge-usd-spot
1000005,2022/10/05,486.530826,0.051929014,0.037188248,0.06586,coinbase-doge-usd-spot
1000006,2022/10/06,498.303527,0.051920118,0.035568948,0.06478,coinbase-doge-usd-spot
1000007,2022/10/07,478.1362854,0.051823335,0.035174553,0.06345,coinbase-doge-usd-spot
1000008,2022/10/08,510.2726255,0.051256776,0.035237767,0.062367,ftx-doge-usd-spot
1000009,2022/10/09,479.7924605,0.051220164,0.034149004,0.06165,coinbase-doge-usd-spot
1000010,2022/10/10,465.1722606,0.051269566,0.034747336,0.06211,coinbase-doge-usd-spot
1000011,2022/10/11,488.1022647,0.051222349,0.034663986,0.0594,coinbase-doge-usd-spot
1000012,2022/10/12,480.7188741,0.051203405,0.034650672,0.06024,coinbase-doge-usd-spot
1000013,2022/10/13,468.3603807,0.051198505,0.032270293,0.05981,ftx-doge-usd-spot
1000014,2022/10/14,470.9498442,0.051167963,0.032050979,0.05967,coinbase-doge-usd-spot
1000015,2022/10/15,465.217113,0.051164943,0.031241207,0.05867,coinbase-doge-usd-spot
1000016,2022/10/16,495.0241887,0.051142145,0.030860113,0.0586,coinbase-doge-usd-spot
1000017,2022/10/17,482.5933349,0.051165015,0.03052849,0.05891,coinbase-doge-usd-spot
1000018,2022/10/18,488.8998128,0.051118443,0.026905751,0.06,coinbase-doge-usd-spot
1000019,2022/10/19,479.1457974,0.051128607,0.026928521,0.05975,coinbase-doge-usd-spot
1000020,2022/10/20,487.1311236,0.051139297,0.027012283,0.05869,coinbase-doge-usd-spot
1000021,2022/10/21,487.0763607,0.051130946,0.026720781,0.05943,coinbase-doge-usd-spot
1000022,2022/10/22,449.6018651,0.049356729,0.025665682,0.05933,coinbase-doge-usd-spot
1000023,2022/10/23,497.7855839,0.048464705,0.022882877,0.05971,coinbase-doge-usd-spot
1000024,2022/10/24,506.1992651,0.048454664,0.023004776,0.06036,coinbase-doge-usd-spot
1000025,2022/10/25,499.7432999,0.048648211,0.024403544,0.059465,ftx-doge-usd-spot
1000026,2022/10/26,509.9693826,0.049872541,0.035691542,0.06305,coinbase-doge-usd-spot
1000027,2022/10/27,487.6280031,0.049937102,0.03711735,0.07276,coinbase-doge-usd-spot
1000028,2022/10/28,507.9979444,0.05029955,0.040021981,0.07688,coinbase-doge-usd-spot
1000029,2022/10/29,482.9721023,0.056642397,0.073177654,0.08387,coinbase-doge-usd-spot
1000030,2022/10/30,495.6932991,0.056656359,0.073621076,0.12185,coinbase-doge-usd-spot
1000031,2022/10/31,489.5412328,0.056851536,0.0739481,0.11779,coinbase-doge-usd-spot
1000032,2022/11/01,524.337654,0.057383778,0.075268721,0.12685,coinbase-doge-usd-spot
1000033,2022/11/02,517.243169,0.057951415,0.079329433,0.14219,coinbase-doge-usd-spot
1000034,2022/11/03,503.8504124,0.058045062,0.079350068,0.1276,coinbase-doge-usd-spot
1000035,2022/11/04,529.6538056,0.05805976,0.078959773,0.12261,coinbase-doge-usd-spot
1000036,2022/11/05,522.3406867,0.056795227,0.078889683,0.12616,coinbase-doge-usd-spot
1000037,2022/11/06,541.7915257,0.057107646,0.080909689,0.12448,coinbase-doge-usd-spot
1000038,2022/11/07,533.6245043,0.053885111,0.081303228,0.11479,coinbase-doge-usd-spot
1000039,2022/11/08,560.7959984,0.056580505,0.093270526,0.11128,coinbase-doge-usd-spot
1000040,2022/11/09,541.4764485,0.057889346,0.099040896,0.08835,coinbase-doge-usd-spot
1000041,2022/11/10,554.3505369,0.059670698,0.104751277,0.07446,coinbase-doge-usd-spot
1000042,2022/11/11,523.128325,0.059793167,0.10554978,0.08959,coinbase-doge-usd-spot
1000043,2022/11/12,542.5149831,0.059760339,0.105677317,0.08488,coinbase-doge-usd-spot
1000044,2022/11/13,559.7761111,0.059802464,0.106027678,0.08806,coinbase-doge-usd-spot
1000045,2022/11/14,538.0558189,0.059560028,0.106013479,0.08483,coinbase-doge-usd-spot
1000046,2022/11/15,567.5210658,0.059509513,0.106007619,0.0858,coinbase-doge-usd-spot
1000047,2022/11/16,564.6246881,0.059475208,0.106125241,0.08695,coinbase-doge-usd-spot
1000048,2022/11/17,543.8991039,0.059480555,0.106179394,0.08543,coinbase-doge-usd-spot
1000049,2022/11/18,542.4613607,0.059462454,0.10604671,0.08457,coinbase-doge-usd-spot
1000050,2022/11/19,534.4968699,0.05940796,0.106070641,0.08462,coinbase-doge-usd-spot
1000051,2022/11/20,547.5261146,0.059795379,0.107708795,0.0844,coinbase-doge-usd-spot
1000052,2022/11/21,557.9136392,0.059839804,0.107963074,0.07692,coinbase-doge-usd-spot
1000053,2022/11/22,545.1973797,0.059804552,0.108232387,0.07458,coinbase-doge-usd-spot
1000054,2022/11/23,578.0879435,0.059826986,0.108306338,0.07866,coinbase-doge-usd-spot
1000055,2022/11/24,531.1789016,0.059826158,0.108017489,0.08187,coinbase-doge-usd-spot
1000056,2022/11/25,529.1239935,0.060235137,0.106257741,0.08138,coinbase-doge-usd-spot
1000057,2022/11/26,508.5607267,0.060061813,0.10574364,0.08947,coinbase-doge-usd-spot
1000058,2022/11/27,537.5650542,0.060635558,0.106474788,0.08887,coinbase-doge-usd-spot
1000059,2022/11/28,552.4280054,0.060571378,0.085025319,0.09861,coinbase-doge-usd-spot
1000060,2022/11/29,527.342896,0.060767684,0.086126615,0.09506,coinbase-doge-usd-spot
1000061,2022/11/30,541.8852383,0.060836476,0.085375301,0.10142,coinbase-doge-usd-spot
1000062,2022/12/01,569.6661494,0.060979909,0.082575265,0.10676,coinbase-doge-usd-spot
1000063,2022/12/02,575.7181634,0.060979197,0.080567161,0.10171,coinbase-doge-usd-spot
1000064,2022/12/03,564.2892079,0.060995288,0.080309656,0.10213,coinbase-doge-usd-spot
1000065,2022/12/04,550.1844346,0.061050645,0.080549012,0.09969,coinbase-doge-usd-spot
1000066,2022/12/05,549.9267303,0.061083752,0.080642071,0.1041,coinbase-doge-usd-spot
1000067,2022/12/06,609.575537,0.061090602,0.079364937,0.10149,coinbase-doge-usd-spot
1000068,2022/12/07,570.6183439,0.061061577,0.079523931,0.1002,coinbase-doge-usd-spot
1000069,2022/12/08,562.4618746,0.060813546,0.067276627,0.09575,coinbase-doge-usd-spot
1000070,2022/12/09,571.4898431,0.060531163,0.05822046,0.0985,coinbase-doge-usd-spot
1000071,2022/12/10,568.1724682,0.058871343,0.046622053,0.0967,coinbase-doge-usd-spot
1000072,2022/12/11,578.1863268,0.058924367,0.045807554,0.09629,coinbase-doge-usd-spot
1000073,2022/12/12,562.0658368,0.058370371,0.045467467,0.0927,coinbase-doge-usd-spot
1000074,2022/12/13,594.5524473,0.057642009,0.04474014,0.09029,coinbase-doge-usd-spot
1000075,2022/12/14,597.7693152,0.057615942,0.044972153,0.09103,coinbase-doge-usd-spot
1000076,2022/12/15,587.4476175,0.057438169,0.04571451,0.08825,coinbase-doge-usd-spot
1000077,2022/12/16,568.6133796,0.057326582,0.050071347,0.08486,coinbase-doge-usd-spot
1000078,2022/12/17,593.9336404,0.057431355,0.050937787,0.07579,coinbase-doge-usd-spot
1000079,2022/12/18,588.579803,0.057057917,0.050937566,0.07923,coinbase-doge-usd-spot
1000080,2022/12/19,586.3628336,0.05737911,0.054036817,0.07845,coinbase-doge-usd-spot
1000081,2022/12/20,603.5970968,0.057424959,0.052417953,0.07136,coinbase-doge-usd-spot
1000082,2022/12/21,586.0423636,0.057330348,0.052211193,0.07484,coinbase-doge-usd-spot
1000083,2022/12/22,591.7558369,0.057424062,0.052142794,0.07371,coinbase-doge-usd-spot
1000084,2022/12/23,562.4518952,0.057179847,0.051512382,0.07685,coinbase-doge-usd-spot
1000085,2022/12/24,565.1235324,0.057167493,0.051535403,0.0772,coinbase-doge-usd-spot
1000086,2022/12/25,618.360727,0.056763463,0.04835419,0.07749,coinbase-doge-usd-spot
1000087,2022/12/26,612.2154234,0.056637735,0.048354126,0.07595,coinbase-doge-usd-spot
1000088,2022/12/27,573.2740458,0.056437446,0.042873237,0.07566,coinbase-doge-usd-spot
1000089,2022/12/28,579.2107755,0.056517354,0.042838524,0.07365,coinbase-doge-usd-spot
1000090,2022/12/29,580.8026553,0.056520027,0.040316135,0.07036,coinbase-doge-usd-spot
1000091,2022/12/30,626.0497388,0.056589696,0.038664914,0.07088,coinbase-doge-usd-spot
1000092,2022/12/31,608.4116963,0.056568665,0.038593626,0.06837,coinbase-doge-usd-spot
1000093,2023/01/01,567.6326161,0.056515441,0.038507503,0.07019,coinbase-doge-usd-spot
1000094,2023/01/02,581.4451274,0.056509736,0.038916661,0.0702,coinbase-doge-usd-spot
1000095,2023/01/03,589.1438475,0.056481759,0.037528786,0.07135,coinbase-doge-usd-spot
1000096,2023/01/04,563.8712953,0.056530159,0.038394681,0.07047,coinbase-doge-usd-spot
1000097,2023/01/05,562.2981756,0.056548226,0.038423316,0.07307,coinbase-doge-usd-spot
1000098,2023/01/06,582.0194476,0.056503112,0.038153526,0.0715,coinbase-doge-usd-spot
1000099,2023/01/07,570.3402487,0.056126726,0.037476869,0.07241,coinbase-doge-usd-spot
1000100,2023/01/08,576.939382,0.056105847,0.037762863,0.07218,coinbase-doge-usd-spot
1000101,2023/01/09,612.0247726,0.056111006,0.038418719,0.07358,coinbase-doge-usd-spot
1000102,2023/01/10,588.1113827,0.056134899,0.038417821,0.07563,coinbase-doge-usd-spot
1000103,2023/01/11,592.7867282,0.056131608,0.038239261,0.07783,coinbase-doge-usd-spot
1000104,2023/01/12,572.0275022,0.056154882,0.038666259,0.07812,coinbase-doge-usd-spot
1000105,2023/01/13,600.0182673,0.056264163,0.039621455,0.08026,coinbase-doge-usd-spot
1000106,2023/01/14,619.3460761,0.056155602,0.03929516,0.08453,coinbase-doge-usd-spot
1000107,2023/01/15,608.5214664,0.056141522,0.03301873,0.08729,coinbase-doge-usd-spot
1000108,2023/01/16,638.2561718,0.056175583,0.032534373,0.08609,coinbase-doge-usd-spot
1000109,2023/01/17,619.0256759,0.056177195,0.032554695,0.08369,coinbase-doge-usd-spot
1000110,2023/01/18,638.0268509,0.056163856,0.027030878,0.08283,coinbase-doge-usd-spot
1000111,2023/01/19,666.2069543,0.056168625,0.025742607,0.07996,coinbase-doge-usd-spot
1000112,2023/01/20,652.5875132,0.056326015,0.027261016,0.0816,coinbase-doge-usd-spot
1000113,2023/01/21,649.8877861,0.056068006,0.026359351,0.08619,coinbase-doge-usd-spot
1000114,2023/01/22,646.5458269,0.056121787,0.02706369,0.08467,coinbase-doge-usd-spot
1000115,2023/01/23,671.9114956,0.055897402,0.027059518,0.08823,coinbase-doge-usd-spot
1000116,2023/01/24,654.5689498,0.055996161,0.028645359,0.08852,coinbase-doge-usd-spot
1000117,2023/01/25,677.5448709,0.056035948,0.029002401,0.08388,coinbase-doge-usd-spot
1000118,2023/01/26,676.3498631,0.05603631,0.02852831,0.08655,coinbase-doge-usd-spot
1000119,2023/01/27,661.9154799,0.056023815,0.026821071,0.08636,coinbase-doge-usd-spot
1000120,2023/01/28,663.6422525,0.056023949,0.026820115,0.08726,coinbase-doge-usd-spot
1000121,2023/01/29,679.1983104,0.056027515,0.02572147,0.08777,coinbase-doge-usd-spot
1000122,2023/01/30,672.5791955,0.056054098,0.026254133,0.09008,coinbase-doge-usd-spot
1000123,2023/01/31,654.4032425,0.056393027,0.02985031,0.08833,coinbase-doge-usd-spot
1000124,2023/02/01,649.9595397,0.056357737,0.030196604,0.09611,coinbase-doge-usd-spot
1000125,2023/02/02,652.381182,0.056405631,0.030891287,0.09404,coinbase-doge-usd-spot
1000126,2023/02/03,690.7090244,0.056423657,0.030587294,0.09102,coinbase-doge-usd-spot
1000127,2023/02/04,686.0704135,0.056460565,0.030472352,0.09293,coinbase-doge-usd-spot
1000128,2023/02/05,683.6863014,0.056544573,0.031909282,0.09565,coinbase-doge-usd-spot
1000129,2023/02/06,680.3750022,0.056558131,0.032604502,0.09201,coinbase-doge-usd-spot
1000130,2023/02/07,681.5920084,0.056612668,0.03296158,0.0896,coinbase-doge-usd-spot
1000131,2023/02/08,703.8450957,0.05663034,0.033264231,0.09256,coinbase-doge-usd-spot
1000132,2023/02/09,701.9523548,0.057147417,0.038421041,0.09018,coinbase-doge-usd-spot
1000133,2023/02/10,662.3917277,0.056499323,0.03843752,0.08144,coinbase-doge-usd-spot
1000134,2023/02/11,711.4620306,0.056287787,0.038181736,0.0809,coinbase-doge-usd-spot
1000135,2023/02/12,728.1178995,0.055467427,0.037022209,0.08227,coinbase-doge-usd-spot
1000136,2023/02/13,684.9606326,0.055139212,0.03639437,0.08218,coinbase-doge-usd-spot
1000137,2023/02/14,697.64487,0.054927254,0.036483708,0.08213,coinbase-doge-usd-spot
1000138,2023/02/15,706.5358964,0.054618155,0.037957117,0.08361,coinbase-doge-usd-spot
1000139,2023/02/16,670.5086365,0.054714776,0.03895654,0.08927,coinbase-doge-usd-spot
1000140,2023/02/17,647.1757476,0.054757959,0.038783625,0.0849,coinbase-doge-usd-spot
1000141,2023/02/18,658.5945775,0.054745521,0.03879093,0.08775,coinbase-doge-usd-spot
1000142,2023/02/19,683.5923613,0.054770695,0.037622433,0.08886,coinbase-doge-usd-spot
1000143,2023/02/20,697.1215755,0.054765173,0.037538892,0.08704,coinbase-doge-usd-spot
1000144,2023/02/21,703.2447814,0.05480979,0.037367896,0.0883,coinbase-doge-usd-spot
1000145,2023/02/22,692.1507412,0.054425403,0.037356908,0.08545,coinbase-doge-usd-spot
1000146,2023/02/23,678.3507659,0.054439987,0.036138389,0.08549,coinbase-doge-usd-spot
1000147,2023/02/24,746.8666255,0.054494725,0.036381123,0.08422,coinbase-doge-usd-spot
1000148,2023/02/25,693.5481143,0.054461914,0.036380466,0.08092,coinbase-doge-usd-spot
1000149,2023/02/26,696.7820682,0.054411111,0.036513897,0.08076,coinbase-doge-usd-spot
1000150,2023/02/27,695.2073709,0.054414262,0.036515771,0.08218,coinbase-doge-usd-spot
1000151,2023/02/28,705.4167645,0.054404443,0.036035854,0.08135,coinbase-doge-usd-spot
1000152,2023/03/01,707.0764566,0.054403595,0.035932156,0.08086,coinbase-doge-usd-spot
1000153,2023/03/02,677.8722096,0.054409221,0.031883493,0.08192,coinbase-doge-usd-spot
1000154,2023/03/03,702.4516548,0.05452478,0.032697766,0.08054,coinbase-doge-usd-spot
1000155,2023/03/04,702.8847804,0.054576935,0.032647889,0.07685,coinbase-doge-usd-spot
1000156,2023/03/05,715.9805704,0.054385435,0.032301513,0.07467,coinbase-doge-usd-spot
1000157,2023/03/06,693.4742239,0.054324514,0.031443103,0.07477,coinbase-doge-usd-spot
1000158,2023/03/07,690.6494313,0.054332812,0.030800881,0.07478,coinbase-doge-usd-spot
1000159,2023/03/08,686.0088149,0.054295663,0.030990262,0.07407,coinbase-doge-usd-spot
1000160,2023/03/09,709.0358672,0.054603068,0.032502241,0.07113,coinbase-doge-usd-spot
1000161,2023/03/10,703.3599755,0.054582281,0.032469956,0.066,coinbase-doge-usd-spot
1000162,2023/03/11,713.3443731,0.054583528,0.027605209,0.06598,coinbase-doge-usd-spot
1000163,2023/03/12,699.7636058,0.054544988,0.030533863,0.06659,coinbase-doge-usd-spot
1000164,2023/03/13,710.8379448,0.054555172,0.030924333,0.07101,coinbase-doge-usd-spot
1000165,2023/03/14,736.3501912,0.054499175,0.031361398,0.0731,coinbase-doge-usd-spot
1000166,2023/03/15,684.0008731,0.054719739,0.033590919,0.07481,coinbase-doge-usd-spot
1000167,2023/03/16,706.9868311,0.054746945,0.034258251,0.06994,coinbase-doge-usd-spot
1000168,2023/03/17,700.5556359,0.054582026,0.033684325,0.07269,coinbase-doge-usd-spot
1000169,2023/03/18,732.6204458,0.054676595,0.033640541,0.07658,coinbase-doge-usd-spot
1000170,2023/03/19,728.3088067,0.054707857,0.033519821,0.07312,coinbase-doge-usd-spot
1000171,2023/03/20,686.4239102,0.054810543,0.034211152,0.07473,coinbase-doge-usd-spot
1000172,2023/03/21,742.7378488,0.054969359,0.036844956,0.07163,coinbase-doge-usd-spot
1000173,2023/03/22,660.1566997,0.054849808,0.037196464,0.07683,coinbase-doge-usd-spot
1000174,2023/03/23,682.3823774,0.054950344,0.038011555,0.07407,coinbase-doge-usd-spot
1000175,2023/03/24,703.1867698,0.054961914,0.0385037,0.07748,coinbase-doge-usd-spot
1000176,2023/03/25,703.8785903,0.054966517,0.038459307,0.07466,coinbase-doge-usd-spot
1000177,2023/03/26,723.939768,0.054965281,0.037919468,0.07412,coinbase-doge-usd-spot
1000178,2023/03/27,730.0642285,0.054996004,0.038108953,0.07442,coinbase-doge-usd-spot
1000179,2023/03/28,666.7809068,0.055005031,0.038036939,0.0729,coinbase-doge-usd-spot
1000180,2023/03/29,742.8530567,0.055020859,0.038376961,0.07385,coinbase-doge-usd-spot
1000181,2023/03/30,683.7146912,0.055025868,0.038522886,0.07558,coinbase-doge-usd-spot
1000182,2023/03/31,704.0109431,0.055073373,0.039230244,0.07422,coinbase-doge-usd-spot
1000183,2023/04/01,690.7361758,0.055224016,0.040651051,0.07698,coinbase-doge-usd-spot
1000184,2023/04/02,689.290386,0.054902905,0.040275457,0.08186,coinbase-doge-usd-spot
1000185,2023/04/03,668.5744644,0.056667935,0.05263915,0.07906,coinbase-doge-usd-spot
1000186,2023/04/04,685.3542558,0.056651925,0.052712441,0.09608,coinbase-doge-usd-spot
1000187,2023/04/05,708.9311925,0.056656185,0.052941959,0.09516,coinbase-doge-usd-spot
1000188,2023/04/06,701.6711112,0.057028136,0.055529509,0.09271,coinbase-doge-usd-spot
1000189,2023/04/07,727.1041472,0.057096621,0.055510763,0.08546,coinbase-doge-usd-spot
1000190,2023/04/08,724.4800859,0.057018207,0.053351886,0.08232,coinbase-doge-usd-spot
1000191,2023/04/09,755.8684935,0.057036857,0.053422048,0.08141,coinbase-doge-usd-spot
1000192,2023/04/10,720.3594623,0.0570509,0.053471323,0.08323,coinbase-doge-usd-spot
1000193,2023/04/11,718.0204198,0.05705765,0.052494012,0.08483,coinbase-doge-usd-spot
1000194,2023/04/12,678.0470854,0.057043586,0.05235259,0.08418,coinbase-doge-usd-spot
1000195,2023/04/13,694.3186181,0.057138484,0.052785274,0.08352,coinbase-doge-usd-spot
1000196,2023/04/14,689.0025471,0.057145339,0.05088998,0.08739,coinbase-doge-usd-spot
1000197,2023/04/15,746.6944074,0.057135022,0.050588887,0.08874,coinbase-doge-usd-spot
1000198,2023/04/16,735.8713494,0.057143208,0.049771409,0.08897,coinbase-doge-usd-spot
1000199,2023/04/17,728.1883069,0.057123471,0.048838456,0.09048,coinbase-doge-usd-spot
1000200,2023/04/18,675.3632535,0.057147926,0.048843069,0.0914,coinbase-doge-usd-spot
1000201,2023/04/19,690.3058859,0.057420564,0.049972288,0.09416,coinbase-doge-usd-spot
1000202,2023/04/20,710.5233961,0.057519271,0.049298487,0.08792,coinbase-doge-usd-spot
1000203,2023/04/21,733.6131198,0.057729634,0.050325852,0.08391,coinbase-doge-usd-spot
1000204,2023/04/22,743.1702516,0.057741499,0.049832474,0.07848,coinbase-doge-usd-spot
1000205,2023/04/23,709.675069,0.057625206,0.049457565,0.08031,coinbase-doge-usd-spot
1000206,2023/04/24,705.8297633,0.056628474,0.049418987,0.07882,coinbase-doge-usd-spot
1000207,2023/04/25,703.3381025,0.056440513,0.049454586,0.07878,coinbase-doge-usd-spot
1000208,2023/04/26,691.4487844,0.056045856,0.049349456,0.07977,coinbase-doge-usd-spot
1000209,2023/04/27,688.1954325,0.049652886,0.049413877,0.07864,coinbase-doge-usd-spot
1000210,2023/04/28,669.2213895,0.049632512,0.049225781,0.08016,coinbase-doge-usd-spot
1000211,2023/04/29,705.8099596,0.049276413,0.049080442,0.08038,coinbase-doge-usd-spot
1000212,2023/04/30,702.8174904,0.048460611,0.048732773,0.08159,coinbase-doge-usd-spot
1000213,2023/05/01,709.8404999,0.047826857,0.047534795,0.07947,coinbase-doge-usd-spot
1000214,2023/05/02,671.6375959,0.047724236,0.04707332,0.07884,coinbase-doge-usd-spot
1000215,2023/05/03,654.2901757,0.047671957,0.030448855,0.07881,coinbase-doge-usd-spot
1000216,2023/05/04,708.5253704,0.047676901,0.030516763,0.07963,coinbase-doge-usd-spot
1000217,2023/05/05,713.708371,0.047337773,0.030929489,0.07842,coinbase-doge-usd-spot
1000218,2023/05/06,676.1742368,0.047386666,0.027968206,0.0803921,kraken-doge-usd-spot
1000219,2023/05/07,676.7038819,0.04417817,0.027298654,0.0769,coinbase-doge-usd-spot
1000220,2023/05/08,619.8157602,0.042395752,0.029220099,0.07665,coinbase-doge-usd-spot
1000221,2023/05/09,649.4338858,0.03983392,0.028884117,0.07248,coinbase-doge-usd-spot
1000222,2023/05/10,698.519485,0.039590527,0.028523411,0.07317,coinbase-doge-usd-spot
1000223,2023/05/11,659.7415698,0.03946438,0.028590257,0.07317,coinbase-doge-usd-spot
1000224,2023/05/12,652.5245091,0.039344306,0.028654344,0.07197,coinbase-doge-usd-spot
1000225,2023/05/13,728.5205606,0.039317341,0.026994532,0.072385452,binance-doge-usdt-spot
1000226,2023/05/14,682.5093276,0.039311477,0.026755742,0.071705118,binance-doge-usdt-spot
1000227,2023/05/15,689.617104,0.039298109,0.026723801,0.071993102,binance-doge-usdt-spot
1000228,2023/05/16,683.8210925,0.039296327,0.026530917,0.071927258,binance-doge-usdt-spot
1000229,2023/05/17,715.6961731,0.039365494,0.027229501,0.072759458,binance-doge-usdt-spot
1000230,2023/05/18,692.0215237,0.039387336,0.026540273,0.074835238,binance-doge-usdt-spot
1000231,2023/05/19,673.3376198,0.038799159,0.023614075,0.073439266,binance-doge-usdt-spot
1000232,2023/05/20,711.3526581,0.038726647,0.022555218,0.073515435,binance-doge-usdt-spot
1000233,2023/05/21,725.7592976,0.03857751,0.019718302,0.073635764,binance-doge-usdt-spot
1000234,2023/05/22,709.8245158,0.03845414,0.019239136,0.072141636,binance-doge-usdt-spot
1000235,2023/05/23,677.6316762,0.038453027,0.019004587,0.072924582,binance-doge-usdt-spot
1000236,2023/05/24,684.707806,0.03784436,0.019606597,0.072884169,binance-doge-usdt-spot
1000237,2023/05/25,682.6287513,0.037843338,0.019373825,0.070635055,binance-doge-usdt-spot
1000238,2023/05/26,715.3327475,0.036848987,0.019243674,0.070875038,binance-doge-usdt-spot
1000239,2023/05/27,729.57498,0.03674739,0.019487131,0.070991291,binance-doge-usdt-spot
1000240,2023/05/28,720.8001865,0.036374149,0.019640972,0.072577569,binance-doge-usdt-spot
1000241,2023/05/29,729.8746444,0.03614702,0.019367986,0.073536174,binance-doge-usdt-spot
1000242,2023/05/30,666.7756596,0.035922174,0.019159068,0.07315267,binance-doge-usdt-spot
1000243,2023/05/31,729.0150354,0.035923815,0.019112732,0.072317231,binance-doge-usdt-spot
1000244,2023/06/01,699.461653,0.035894852,0.019103678,0.071667196,binance-doge-usdt-spot
1000245,2023/06/02,723.2478516,0.035756052,0.019191123,0.071425,binance-doge-usdt-spot
1000246,2023/06/03,699.4653252,0.035700791,0.01902007,0.072583219,binance-doge-usdt-spot
1000247,2023/06/04,723.4188284,0.035693001,0.01831428,0.072722537,binance-doge-usdt-spot
1000248,2023/06/05,683.6037004,0.036104038,0.022583453,0.072501744,binance-doge-usdt-spot
1000249,2023/06/06,710.8890211,0.036284035,0.025098721,0.066412616,binance-doge-usdt-spot
1000250,2023/06/07,674.9510323,0.036407193,0.024098912,0.070268968,binance-doge-usdt-spot
1000251,2023/06/08,705.7402694,0.036418404,0.024125002,0.067287401,binance-doge-usdt-spot
1000252,2023/06/09,715.6258507,0.036356145,0.024532082,0.067972233,binance-doge-usdt-spot
1000253,2023/06/10,737.7180426,0.037285114,0.032073509,0.069468611,binance-doge-usdt-spot
1000254,2023/06/11,694.4130473,0.037276016,0.032010564,0.061777788,binance-doge-usdt-spot
1000255,2023/06/12,640.9153023,0.03722314,0.032020509,0.061532759,binance-doge-usdt-spot
1000256,2023/06/13,687.8257383,0.037085067,0.032022898,0.061431229,binance-doge-usdt-spot
1000257,2023/06/14,716.7451598,0.036162068,0.03212189,0.061737033,binance-doge-usdt-spot
1000258,2023/06/15,675.7240257,0.0360037,0.03232197,0.060369735,binance-doge-usdt-spot
1000259,2023/06/16,724.7395199,0.036014157,0.031753657,0.06146847,binance-doge-usdt-spot
1000260,2023/06/17,709.7492069,0.035229023,0.031699286,0.062146467,binance-doge-usdt-spot
1000261,2023/06/18,736.0049733,0.035030524,0.031692116,0.062170766,binance-doge-usdt-spot
1000262,2023/06/19,725.1360378,0.035005771,0.031718509,0.062102606,binance-doge-usdt-spot
1000263,2023/06/20,711.4313525,0.034831446,0.031733358,0.062428767,binance-doge-usdt-spot
1000264,2023/06/21,741.5077064,0.034988184,0.032807565,0.063143257,binance-doge-usdt-spot
1000265,2023/06/22,763.8009228,0.034983189,0.032808382,0.065611312,binance-doge-usdt-spot
1000266,2023/06/23,765.4570235,0.03505287,0.033220196,0.065562622,binance-doge-usdt-spot
1000267,2023/06/24,722.8715806,0.035084307,0.033408599,0.06827162,binance-doge-usdt-spot
1000268,2023/06/25,764.8299445,0.035039163,0.033404379,0.06673,coinbase-doge-usd-spot
1000269,2023/06/26,764.0262177,0.034947608,0.033388451,0.066743352,binance-doge-usdt-spot
1000270,2023/06/27,739.7448444,0.034953606,0.033405457,0.064752948,binance-doge-usdt-spot
1000271,2023/06/28,739.9159859,0.034998851,0.034224302,0.06559,coinbase-doge-usd-spot
1000272,2023/06/29,761.1249649,0.034951556,0.034365301,0.062563743,binance-doge-usdt-spot
1000273,2023/06/30,742.9234315,0.035125253,0.035561093,0.063410487,binance-doge-usdt-spot
1000274,2023/07/01,770.8256045,0.035164428,0.036045391,0.066446043,binance-doge-usdt-spot
1000275,2023/07/02,734.9064406,0.035150242,0.03592527,0.068503149,binance-doge-usdt-spot
1000276,2023/07/03,760.0879553,0.035054303,0.035937796,0.068003879,binance-doge-usdt-spot
1000277,2023/07/04,774.7723945,0.035037125,0.036023403,0.068454107,binance-doge-usdt-spot
1000278,2023/07/05,711.4430392,0.035090408,0.032794744,0.068891043,binance-doge-usdt-spot
1000279,2023/07/06,726.9384624,0.035152146,0.031477284,0.06701,binance-doge-usdt-spot
1000280,2023/07/07,721.5438835,0.035128874,0.030417704,0.064872595,binance-doge-usdt-spot
1000281,2023/07/08,747.9471691,0.03505732,0.030366603,0.065409156,binance-doge-usdt-spot
1000282,2023/07/09,767.9473737,0.03500641,0.030057971,0.065743146,binance-doge-usdt-spot
1000283,2023/07/10,736.0482325,0.035003909,0.021087246,0.06536915,binance-doge-usdt-spot
1000284,2023/07/11,760.5015789,0.034929972,0.0210324,0.065240437,binance-doge-usdt-spot
1000285,2023/07/12,738.2437353,0.034717765,0.021081667,0.065283917,binance-doge-usdt-spot
1000286,2023/07/13,795.9977969,0.035156303,0.025591679,0.065028049,binance-doge-usdt-spot
1000287,2023/07/14,738.190358,0.035200847,0.025874018,0.07041886,binance-doge-usdt-spot
1000288,2023/07/15,769.71357,0.035339887,0.027079207,0.0685263,binance-doge-usdt-spot
1000289,2023/07/16,788.8012686,0.035421151,0.02796011,0.071990152,binance-doge-usdt-spot
1000290,2023/07/17,775.2448744,0.035343906,0.027957481,0.069554065,binance-doge-usdt-spot
1000291,2023/07/18,730.9984611,0.03535397,0.028268762,0.069817207,binance-doge-usdt-spot
1000292,2023/07/19,757.8385997,0.035125499,0.028498679,0.06866,binance-doge-usdt-spot
1000293,2023/07/20,771.4241352,0.035109782,0.028470235,0.070036303,binance-doge-usdt-spot
1000294,2023/07/21,757.179963,0.035122938,0.028283905,0.07061435,binance-doge-usdt-spot
1000295,2023/07/22,775.3854468,0.03525584,0.029500351,0.073224393,binance-doge-usdt-spot
1000296,2023/07/23,738.4374971,0.035079498,0.029039554,0.070479866,binance-doge-usdt-spot
1000297,2023/07/24,736.5042231,0.035100704,0.029291241,0.07179641,binance-doge-usdt-spot
1000298,2023/07/25,783.1718937,0.035786419,0.033491882,0.074191096,binance-doge-usdt-spot
1000299,2023/07/26,755.4537645,0.035934667,0.034129925,0.081840178,binance-doge-usdt-spot
1000300,2023/07/27,742.5922078,0.03593309,0.034174366,0.077933117,binance-doge-usdt-spot
1000301,2023/07/28,761.4388835,0.035864875,0.032875575,0.077592926,binance-doge-usdt-spot
1000302,2023/07/29,742.3207147,0.035927185,0.033317488,0.077167685,binance-doge-usdt-spot
1000303,2023/07/30,779.6936663,0.035394012,0.033139491,0.080239198,binance-doge-usdt-spot
1000304,2023/07/31,782.5220998,0.035374912,0.032844764,0.078012978,binance-doge-usdt-spot
1000305,2023/08/01,789.2687684,0.035290922,0.032790347,0.077850657,binance-doge-usdt-spot
1000306,2023/08/02,776.1187202,0.035431078,0.034188762,0.078110925,binance-doge-usdt-spot
1000307,2023/08/03,780.2887678,0.035338546,0.034184484,0.074177695,binance-doge-usdt-spot
1000308,2023/08/04,788.1472555,0.035206828,0.033681981,0.073521872,binance-doge-usdt-spot
1000309,2023/08/05,800.1177372,0.035215815,0.033485307,0.073370081,binance-doge-usdt-spot
1000310,2023/08/06,754.5716982,0.035137504,0.033776942,0.075640347,binance-doge-usdt-spot
1000311,2023/08/07,744.3857335,0.035095242,0.033900356,0.074140028,binance-doge-usdt-spot
1000312,2023/08/08,754.0260688,0.034315269,0.034021364,0.073456164,binance-doge-usdt-spot
1000313,2023/08/09,776.7116672,0.034315187,0.033993961,0.074932265,binance-doge-usdt-spot
1000314,2023/08/10,783.8955308,0.034294931,0.033987072,0.075354951,binance-doge-usdt-spot
1000315,2023/08/11,780.9996002,0.034294278,0.033941292,0.075793497,binance-doge-usdt-spot
1000316,2023/08/12,761.471548,0.034310478,0.030815428,0.075663503,binance-doge-usdt-spot
1000317,2023/08/13,774.5052984,0.034339747,0.030753797,0.07665398,binance-doge-usdt-spot
1000318,2023/08/14,763.8345062,0.033990045,0.029455801,0.074737647,binance-doge-usdt-spot
1000319,2023/08/15,766.1302295,0.034055736,0.030541558,0.074619045,binance-doge-usdt-spot
1000320,2023/08/16,765.7754887,0.034194989,0.03205977,0.070851977,binance-doge-usdt-spot
1000321,2023/08/17,732.5043416,0.0348102,0.035842247,0.067090739,binance-doge-usdt-spot
1000322,2023/08/18,774.2847412,0.03485786,0.036037146,0.061031138,binance-doge-usdt-spot
1000323,2023/08/19,741.8437165,0.034853583,0.036077383,0.063247617,binance-doge-usdt-spot
1000324,2023/08/20,768.4809748,0.034782145,0.035184085,0.063781226,binance-doge-usdt-spot
1000325,2023/08/21,750.4190957,0.034807885,0.034583641,0.063842559,binance-doge-usdt-spot
1000326,2023/08/22,776.5663031,0.034793267,0.03424266,0.062515429,binance-doge-usdt-spot
1000327,2023/08/23,725.7239535,0.034710577,0.033763626,0.06255625,binance-doge-usdt-spot
1000328,2023/08/24,751.0825306,0.034719233,0.028259688,0.063770697,binance-doge-usdt-spot
1000329,2023/08/25,758.2523655,0.034687908,0.027438917,0.063040075,binance-doge-usdt-spot
1000330,2023/08/26,767.4558729,0.034681486,0.027446247,0.063094326,binance-doge-usdt-spot
1000331,2023/08/27,801.7193547,0.034682208,0.027517878,0.062870155,binance-doge-usdt-spot
1000332,2023/08/28,750.6159399,0.034665648,0.026351654,0.063154875,binance-doge-usdt-spot
1000333,2023/08/29,744.8822664,0.034809909,0.027695755,0.06340324,binance-doge-usdt-spot
1000334,2023/08/30,795.5022088,0.034644631,0.027692867,0.066413905,binance-doge-usdt-spot
1000335,2023/08/31,792.226967,0.034644437,0.028074737,0.065894624,binance-doge-usdt-spot
1000336,2023/09/01,775.5431551,0.034642693,0.026954602,0.063740556,binance-doge-usdt-spot
1000337,2023/09/02,805.0848223,0.034643356,0.026953775,0.063856483,binance-doge-usdt-spot
1000338,2023/09/03,799.349808,0.034633675,0.026953118,0.063475878,binance-doge-usdt-spot
1000339,2023/09/04,769.3769134,0.034528483,0.026148352,0.063166619,binance-doge-usdt-spot
1000340,2023/09/05,742.4051186,0.034046251,0.026263411,0.06323575,binance-doge-usdt-spot
1000341,2023/09/06,745.5365402,0.034048754,0.02623432,0.063999721,binance-doge-usdt-spot
1000342,2023/09/07,765.6993819,0.034044884,0.025752983,0.063619583,binance-doge-usdt-spot
1000343,2023/09/08,821.2907254,0.033695887,0.025717789,0.063704331,binance-doge-usdt-spot
1000344,2023/09/09,812.9954593,0.033622338,0.025633574,0.063699771,binance-doge-usdt-spot
1000345,2023/09/10,776.7381409,0.033653756,0.026082748,0.063380725,binance-doge-usdt-spot
1000346,2023/09/11,733.6469445,0.033281275,0.025823704,0.061276706,binance-doge-usdt-spot
1000347,2023/09/12,791.3800206,0.033166167,0.025759948,0.060460361,binance-doge-usdt-spot
1000348,2023/09/13,792.4420631,0.032894592,0.025823333,0.060908767,binance-doge-usdt-spot
1000349,2023/09/14,759.5318048,0.032746568,0.024431971,0.061272429,binance-doge-usdt-spot
1000350,2023/09/15,804.1809448,0.032687368,0.022706806,0.062101979,binance-doge-usdt-spot
1000351,2023/09/16,818.4792643,0.032496779,0.015514781,0.062509352,binance-doge-usdt-spot
1000352,2023/09/17,764.1500783,0.032071156,0.014605689,0.062163443,binance-doge-usdt-spot
1000353,2023/09/18,768.1918919,0.031968388,0.014603492,0.061479848,binance-doge-usdt-spot
1000354,2023/09/19,820.8543176,0.031790658,0.014774981,0.061983265,binance-doge-usdt-spot
1000355,2023/09/20,803.2023548,0.031675378,0.014323757,0.062697118,binance-doge-usdt-spot
1000356,2023/09/21,791.8287994,0.031703406,0.014806726,0.062616214,binance-doge-usdt-spot
1000357,2023/09/22,804.0741029,0.03169925,0.014350117,0.061300723,binance-doge-usdt-spot
1000358,2023/09/23,852.130442,0.031654581,0.014209224,0.061515973,binance-doge-usdt-spot
1000359,2023/09/24,805.5302892,0.031644059,0.014349121,0.061528403,binance-doge-usdt-spot
1000360,2023/09/25,787.59029,0.03158217,0.014358055,0.060691364,binance-doge-usdt-spot
1000361,2023/09/26,825.3815442,0.031549394,0.014346694,0.060919381,binance-doge-usdt-spot
1000362,2023/09/27,794.814795,0.031391607,0.014294572,0.060589415,binance-doge-usdt-spot
1000363,2023/09/28,811.4732625,0.031092452,0.011951858,0.060499497,binance-doge-usdt-spot
1000364,2023/09/29,804.3087422,0.030999395,0.012201975,0.06151295,binance-doge-usdt-spot
1000365,2023/09/30,806.2715614,0.027451371,0.010824268,0.062129353,binance-doge-usdt-spot
1000366,2023/10/01,804.4469197,0.027487234,0.011312174,0.062066386,binance-doge-usdt-spot
1000367,2023/10/02,744.1350835,0.027483979,0.011765256,0.0632014,binance-doge-usdt-spot
1000368,2023/10/03,792.5132805,0.0267648,0.011879855,0.062024599,binance-doge-usdt-spot
1000369,2023/10/04,825.1437318,0.026642612,0.011893027,0.061373737,binance-doge-usdt-spot
1000370,2023/10/05,790.0941225,0.026636524,0.011666905,0.06148595,binance-doge-usdt-spot
1000371,2023/10/06,779.6554543,0.026581949,0.011746147,0.060865706,binance-doge-usdt-spot
1000372,2023/10/07,833.236056,0.026531032,0.011751711,0.061402099,binance-doge-usdt-spot
1000373,2023/10/08,810.4130745,0.026525819,0.011805074,0.061473507,binance-doge-usdt-spot
1000374,2023/10/09,768.4879005,0.026658215,0.013542909,0.06099603,binance-doge-usdt-spot
1000375,2023/10/10,823.4317205,0.02642011,0.012334736,0.058743943,binance-doge-usdt-spot
1000376,2023/10/11,828.1961872,0.026398423,0.012182703,0.059138182,binance-doge-usdt-spot
1000377,2023/10/12,804.1857938,0.026399447,0.012125845,0.058501271,binance-doge-usdt-spot
1000378,2023/10/13,821.7453374,0.026376236,0.012197684,0.057859603,binance-doge-usdt-spot
1000379,2023/10/14,865.607688,0.026442253,0.012898784,0.058395565,binance-doge-usdt-spot
1000380,2023/10/15,831.1534805,0.026354403,0.012860701,0.059838284,binance-doge-usdt-spot
1000381,2023/10/16,831.9329479,0.025851694,0.013078349,0.059379851,binance-doge-usdt-spot
1000382,2023/10/17,797.3155714,0.025691179,0.013266303,0.060036395,binance-doge-usdt-spot
1000383,2023/10/18,820.482467,0.025260197,0.013174627,0.059081376,binance-doge-usdt-spot
1000384,2023/10/19,778.641436,0.025188883,0.012973519,0.058611234,binance-doge-usdt-spot
1000385,2023/10/20,763.7365781,0.025204435,0.013559856,0.058897063,binance-doge-usdt-spot
1000386,2023/10/21,811.3055866,0.025252809,0.013583673,0.059938259,binance-doge-usdt-spot
1000387,2023/10/22,806.4882336,0.025237189,0.013641052,0.061225209,binance-doge-usdt-spot
1000388,2023/10/23,850.4574169,0.025984216,0.020387162,0.061719605,binance-doge-usdt-spot
1000389,2023/10/24,798.3208231,0.025936994,0.020269607,0.067439353,binance-doge-usdt-spot
1000390,2023/10/25,823.584626,0.02602387,0.020759864,0.066585041,binance-doge-usdt-spot
1000391,2023/10/26,789.5128975,0.026260017,0.022205151,0.068323882,binance-doge-usdt-spot
1000392,2023/10/27,851.0882799,0.02655854,0.025014655,0.071857448,binance-doge-usdt-spot
1000393,2023/10/28,842.588462,0.026575569,0.025017366,0.067806144,binance-doge-usdt-spot
1000394,2023/10/29,811.7518627,0.026581239,0.024976916,0.06902387,binance-doge-usdt-spot
1000395,2023/10/30,787.0369433,0.026566025,0.024959738,0.069374325,binance-doge-usdt-spot
1000396,2023/10/31,758.0741098,0.026585491,0.025264832,0.06965736,binance-doge-usdt-spot