Key,time,HashRate-BTC,VelCur1yr-BTC,VtyDayRet180d-BTC,VtyDayRet30d-BTC,principal_market_price_usd-BTC,principal_market_usd-BTC
1000001,2022/10/01,282168375.3,29.21479537,0.035875957,0.033666588,19418,ftx-btc-usd-spot
1000002,2022/10/02,244753785.4,29.21513971,0.035864455,0.033746307,19315.27,coinbase-btc-usd-spot
1000003,2022/10/03,240076960,29.25289429,0.035781464,0.034275662,19059.17,coinbase-btc-usd-spot
1000004,2022/10/04,254107431.8,29.2983003,0.035895684,0.034862918,19631,ftx-btc-usd-spot
1000005,2022/10/05,272814728.9,29.31754907,0.03583984,0.034870971,20345.19,coinbase-btc-usd-spot
1000006,2022/10/06,247871668.3,29.28742705,0.035825192,0.033653113,20161.62,coinbase-btc-usd-spot
1000007,2022/10/07,266578963.2,29.29397787,0.035844221,0.033646965,19965.64,coinbase-btc-usd-spot
1000008,2022/10/08,272814728.9,29.29527388,0.03553974,0.033668755,19533.05,coinbase-btc-usd-spot
1000009,2022/10/09,246312725.8,29.32656448,0.035516338,0.027829337,19419.39,coinbase-btc-usd-spot
1000010,2022/10/10,282818946.7,29.38355316,0.035452792,0.027648723,19443.47,coinbase-btc-usd-spot
1000011,2022/10/11,277924882.8,29.42126057,0.035398436,0.027634421,19132.83,coinbase-btc-usd-spot
1000012,2022/10/12,242520438.9,29.46672252,0.035377328,0.027004087,19058.11,coinbase-btc-usd-spot
1000013,2022/10/13,253141772.8,29.52948913,0.035397501,0.019756363,19155.92,coinbase-btc-usd-spot
1000014,2022/10/14,276154659.2,29.55403827,0.035385107,0.019805208,19378.65,coinbase-btc-usd-spot
1000015,2022/10/15,269073772.4,29.52243359,0.035305326,0.019220103,19178,coinbase-btc-usd-spot
1000016,2022/10/16,254911993.9,29.51104534,0.035288007,0.019318339,19070.24,coinbase-btc-usd-spot
1000017,2022/10/17,265533327.8,29.52614833,0.035317571,0.019195553,19264.44,coinbase-btc-usd-spot
1000018,2022/10/18,251371549.2,29.53809836,0.03529346,0.018198284,19550.4,coinbase-btc-usd-spot
1000019,2022/10/19,267303548.8,29.56268599,0.035281902,0.018252912,19328.76,coinbase-btc-usd-spot
1000020,2022/10/20,256682214.9,29.57512275,0.035281998,0.017050915,19124.18,coinbase-btc-usd-spot
1000021,2022/10/21,276154659.2,29.59131416,0.035291973,0.01667405,19042.48,coinbase-btc-usd-spot
1000022,2022/10/22,240750215.3,29.59431154,0.035231911,0.01415508,19166.45,coinbase-btc-usd-spot
1000023,2022/10/23,274810664.8,29.59994604,0.035011206,0.014538372,19218,ftx.us-btc-usd-spot
1000024,2022/10/24,249031191.6,29.61950696,0.034926498,0.014153433,19572.44,coinbase-btc-usd-spot
1000025,2022/10/25,223395628.2,29.63575626,0.035044045,0.01563316,19330.41,coinbase-btc-usd-spot
1000026,2022/10/26,283822315.6,29.661114,0.035107193,0.016339704,20086.28,coinbase-btc-usd-spot
1000027,2022/10/27,247200081,29.67917117,0.035112846,0.017065516,20774.51,binance.us-btc-usd-spot
1000028,2022/10/28,291146763,29.6790612,0.0351004,0.016998986,20296.97,coinbase-btc-usd-spot
1000029,2022/10/29,261848975.9,29.67672222,0.035110919,0.017051994,20597.91,coinbase-btc-usd-spot
1000030,2022/10/30,247200081,29.67517157,0.035084105,0.017119568,20823.53,coinbase-btc-usd-spot
1000031,2022/10/31,316782326.4,29.70303996,0.034855007,0.01711554,20630.68,coinbase-btc-usd-spot
1000032,2022/11/01,263680086.4,29.72690088,0.034350965,0.016803599,20489.94,coinbase-btc-usd-spot
1000033,2022/11/02,223395628.2,29.76837896,0.034358116,0.01618884,20479.63,coinbase-btc-usd-spot
1000034,2022/11/03,300302321,29.84306206,0.034349485,0.014829103,20151.4,coinbase-btc-usd-spot
1000035,2022/11/04,236213409.9,29.94712286,0.034424512,0.01698811,20206.88,coinbase-btc-usd-spot
1000036,2022/11/05,276497868.1,29.96622171,0.033444477,0.016856057,21144.2,coinbase-btc-usd-spot
1000037,2022/11/06,250862304.8,30.11212297,0.033429003,0.016648337,21300.45,coinbase-btc-usd-spot
1000038,2022/11/07,263168681,30.23390434,0.03302236,0.016999531,20909.17,coinbase-btc-usd-spot
1000039,2022/11/08,297875785.7,30.21372444,0.0338937,0.025871283,20595,ftx-btc-usd-spot
1000040,2022/11/09,272291362.9,30.24101835,0.035895426,0.039000219,18550.25,coinbase-btc-usd-spot
1000041,2022/11/10,268636445,30.29493793,0.036768061,0.0441831,15891.96,coinbase-btc-usd-spot
1000042,2022/11/11,244879482.4,30.33309276,0.036728784,0.04456595,17553.89,coinbase-btc-usd-spot
1000043,2022/11/12,305185621.6,30.32299972,0.036614828,0.044467565,17013.62,coinbase-btc-usd-spot
1000044,2022/11/13,235742186.3,30.32852801,0.036623088,0.044644238,16783.33,coinbase-btc-usd-spot
1000045,2022/11/14,224777435.2,30.34476859,0.036444799,0.044860938,16301.39,coinbase-btc-usd-spot
1000046,2022/11/15,283256116.7,30.33815757,0.036245898,0.044904602,16590.73,coinbase-btc-usd-spot
1000047,2022/11/16,274118823.2,30.29105328,0.036174591,0.044766871,16877.93,coinbase-btc-usd-spot
1000048,2022/11/17,252189315.7,30.24640983,0.03616843,0.044767507,16645.24,coinbase-btc-usd-spot
1000049,2022/11/18,254016775.9,30.22927857,0.036080739,0.0447592,16680.47,coinbase-btc-usd-spot
1000050,2022/11/19,268636445,30.19627428,0.035967013,0.044775569,16680.59,coinbase-btc-usd-spot
1000051,2022/11/20,272422405.8,30.19089448,0.035973938,0.044908541,16683.02,coinbase-btc-usd-spot
1000052,2022/11/21,236949653.1,30.20012018,0.036025741,0.045092502,16252.53,coinbase-btc-usd-spot
1000053,2022/11/22,231439196.9,30.1836825,0.036085124,0.045226591,15760.14,coinbase-btc-usd-spot
1000054,2022/11/23,258991483.1,30.1616887,0.036107953,0.04556152,16199.71,coinbase-btc-usd-spot
1000055,2022/11/24,236949653.1,30.09794444,0.0360836,0.044838647,16587,coinbase-btc-usd-spot
1000056,2022/11/25,225928740.7,30.01837592,0.036063015,0.044179781,16587.61,coinbase-btc-usd-spot
1000057,2022/11/26,200213272.3,29.94619761,0.035578118,0.044058562,16510.9,coinbase-btc-usd-spot
1000058,2022/11/27,249807386,29.92716656,0.035575289,0.043865302,16450.93,coinbase-btc-usd-spot
1000059,2022/11/28,255317844.8,29.93054375,0.035284789,0.043757202,16419.88,coinbase-btc-usd-spot
1000060,2022/11/29,240623291.4,29.90289854,0.035255991,0.043947708,16206.3,coinbase-btc-usd-spot
1000061,2022/11/30,253481024.3,29.85226348,0.035381515,0.044932046,16438,coinbase-btc-usd-spot
1000062,2022/12/01,281033310.5,29.81351746,0.035384337,0.044935808,17167.33,coinbase-btc-usd-spot
1000063,2022/12/02,229602379.1,29.78147225,0.035387793,0.044953363,16980.08,coinbase-btc-usd-spot
1000064,2022/12/03,240623291.4,29.74338527,0.035197088,0.044935712,17093.28,coinbase-btc-usd-spot
1000065,2022/12/04,257154662.6,29.67161332,0.03521831,0.043999376,16888.52,coinbase-btc-usd-spot
1000066,2022/12/05,268175577.7,29.64304854,0.035160994,0.043932165,17108.9,coinbase-btc-usd-spot
1000067,2022/12/06,230616963.7,29.58194944,0.035167898,0.043974777,16966.93,coinbase-btc-usd-spot
1000068,2022/12/07,292794731.6,29.54416293,0.035101742,0.043938943,17089.09,coinbase-btc-usd-spot
1000069,2022/12/08,284283257.4,29.51958376,0.035115169,0.040108344,16840,coinbase-btc-usd-spot
1000070,2022/12/09,258748834.7,29.50390449,0.034892986,0.026605447,17226.28,coinbase-btc-usd-spot
1000071,2022/12/10,262153422.4,29.47651438,0.032124782,0.01785944,17129.95,coinbase-btc-usd-spot
1000072,2022/12/11,250237358,29.46808699,0.032116907,0.016560842,17128.1,coinbase-btc-usd-spot
1000073,2022/12/12,243428180.1,29.47504078,0.032081211,0.016501303,17085.22,coinbase-btc-usd-spot
1000074,2022/12/13,280878667.2,29.46719086,0.031263609,0.016640588,17211.66,coinbase-btc-usd-spot
1000075,2022/12/14,251939654.3,29.45140419,0.031258041,0.016367164,17773.18,coinbase-btc-usd-spot
1000076,2022/12/15,236618999.7,29.43687948,0.030840032,0.017037207,17804.97,coinbase-btc-usd-spot
1000077,2022/12/16,221298345.1,29.41719204,0.030483341,0.018752679,17359.15,coinbase-btc-usd-spot
1000078,2022/12/17,234916703.4,29.38214805,0.030492598,0.018844352,16634.41,coinbase-btc-usd-spot
1000079,2022/12/18,246832767.8,29.3601842,0.03048849,0.018843388,16781.66,coinbase-btc-usd-spot
1000080,2022/12/19,234239565.5,29.36241953,0.030428247,0.019239923,16741.16,coinbase-btc-usd-spot
1000081,2022/12/20,246114014.6,29.35129218,0.030237599,0.019271408,16439.74,coinbase-btc-usd-spot
1000082,2022/12/21,251387888,29.33001065,0.030228889,0.018448073,16896.48,coinbase-btc-usd-spot
1000083,2022/12/22,237324228.9,29.31928487,0.030221404,0.01794655,16826.81,coinbase-btc-usd-spot
1000084,2022/12/23,232050358,29.30926079,0.030192873,0.017409107,16815.52,coinbase-btc-usd-spot
1000085,2022/12/24,156458196.5,29.28854038,0.030177009,0.017417636,16778.48,coinbase-btc-usd-spot
1000086,2022/12/25,247871973.3,29.26507918,0.030129317,0.017401467,16837.56,coinbase-btc-usd-spot
1000087,2022/12/26,226776484.5,29.25812001,0.030125017,0.017380961,16829.02,coinbase-btc-usd-spot
1000088,2022/12/27,202165083.6,29.23106123,0.030006416,0.017509062,16917,coinbase-btc-usd-spot
1000089,2022/12/28,295336819,29.20851075,0.030013703,0.017413964,16698.73,coinbase-btc-usd-spot
1000090,2022/12/29,247871973.3,29.18134757,0.030015462,0.017256677,16539.66,coinbase-btc-usd-spot
1000091,2022/12/30,277757245.1,29.15320237,0.030014727,0.015198639,16627.54,coinbase-btc-usd-spot
1000092,2022/12/31,274241330.3,29.13227315,0.029790732,0.015056285,16600.97,coinbase-btc-usd-spot
1000093,2023/01/01,272483374.2,29.12770734,0.02979418,0.015029956,16530.35,coinbase-btc-usd-spot
1000094,2023/01/02,274241330.3,29.12008576,0.02976318,0.014958567,16611.58,coinbase-btc-usd-spot
1000095,2023/01/03,261567697.3,29.10544605,0.029498496,0.014740326,16666.87,coinbase-btc-usd-spot
1000096,2023/01/04,242356483.1,29.09971923,0.029504792,0.014795145,16669.47,coinbase-btc-usd-spot
1000097,2023/01/05,266083690.6,29.07206503,0.029496903,0.014742943,16844.42,coinbase-btc-usd-spot
1000098,2023/01/06,305064103.2,29.04894095,0.029393315,0.014620692,16826.23,coinbase-btc-usd-spot
1000099,2023/01/07,260999287.2,29.02001585,0.029232117,0.014002555,16948.06,coinbase-btc-usd-spot
1000100,2023/01/08,259304487.7,29.0097008,0.029143617,0.01403347,16942.88,coinbase-btc-usd-spot
1000101,2023/01/09,257609688.3,29.01848944,0.028979067,0.014096585,17125.84,coinbase-btc-usd-spot
1000102,2023/01/10,286421296.7,29.01059871,0.028961824,0.014334008,17178.17,coinbase-btc-usd-spot
1000103,2023/01/11,249135683.5,28.98584327,0.02899545,0.014862975,17443.49,coinbase-btc-usd-spot
1000104,2023/01/12,255914886.3,28.97303914,0.0292779,0.017041389,17944.27,coinbase-btc-usd-spot
1000105,2023/01/13,269473292,28.95762808,0.029507542,0.019297662,18847.75,coinbase-btc-usd-spot
1000106,2023/01/14,289810898.1,28.94532287,0.029357377,0.020673775,19934.09,coinbase-btc-usd-spot
1000107,2023/01/15,281119760.7,28.93877473,0.029148564,0.018594144,20957.71,coinbase-btc-usd-spot
1000108,2023/01/16,274688842.4,28.9391236,0.02916923,0.018631413,20879.7,coinbase-btc-usd-spot
1000109,2023/01/17,291506526.6,28.92632595,0.029166828,0.018634331,21187.5,coinbase-btc-usd-spot
1000110,2023/01/18,261608421.5,28.9159209,0.029178207,0.018698275,21134.2,coinbase-btc-usd-spot
1000111,2023/01/19,270951578.9,28.90525939,0.029200028,0.018372247,20674.29,coinbase-btc-usd-spot
1000112,2023/01/20,246659370.3,28.89356253,0.029698192,0.021714148,21084.23,coinbase-btc-usd-spot
1000113,2023/01/21,257871158.1,28.81939386,0.02944682,0.021657584,22669.94,coinbase-btc-usd-spot
1000114,2023/01/22,282163369.3,28.76332228,0.02942495,0.021695153,22789.37,coinbase-btc-usd-spot
1000115,2023/01/23,295243790.1,28.75030078,0.028853688,0.021659007,22714.87,coinbase-btc-usd-spot
1000116,2023/01/24,241053473.8,28.69523947,0.028713986,0.022022393,22920.29,coinbase-btc-usd-spot
1000117,2023/01/25,327010528.3,28.66082592,0.028758788,0.022090852,22636.17,coinbase-btc-usd-spot
1000118,2023/01/26,289637896.2,28.62248153,0.028742549,0.021908017,23061.32,coinbase-btc-usd-spot
1000119,2023/01/27,287769263.2,28.58597902,0.028731588,0.021622697,23010.47,coinbase-btc-usd-spot
1000120,2023/01/28,313930107.5,28.53783765,0.028732153,0.021748457,23084.4,coinbase-btc-usd-spot
1000121,2023/01/29,311438925.9,28.5053017,0.028819614,0.021961698,23029.07,coinbase-btc-usd-spot
1000122,2023/01/30,269948141.6,28.48960938,0.028980793,0.023911925,23745.84,coinbase-btc-usd-spot
1000123,2023/01/31,224956785.1,28.46732188,0.028994365,0.023895662,22836.03,coinbase-btc-usd-spot
1000124,2023/02/01,267991996.9,28.43235527,0.028986458,0.024008753,23129.09,coinbase-btc-usd-spot
1000125,2023/02/02,283641163,28.41491566,0.028983398,0.024207872,23735.97,coinbase-btc-usd-spot
1000126,2023/02/03,260167412.4,28.39119792,0.028979713,0.024342514,23496,coinbase-btc-usd-spot
1000127,2023/02/04,266035849.3,28.29236038,0.028907064,0.024389845,23433.54,coinbase-btc-usd-spot
1000128,2023/02/05,297334187.2,28.26228617,0.028869045,0.024922132,23340.07,binance.us-btc-usd-spot
1000129,2023/02/06,289509602.7,28.25112623,0.028781246,0.025096013,22956.41,binance.us-btc-usd-spot
1000130,2023/02/07,277772726,28.18800769,0.028831921,0.025197258,22764.07,coinbase-btc-usd-spot
1000131,2023/02/08,269948141.6,28.15259896,0.02881452,0.025590059,23245.95,coinbase-btc-usd-spot
1000132,2023/02/09,316895645.6,28.13050192,0.029051247,0.027784388,22963.91,coinbase-btc-usd-spot
1000133,2023/02/10,287553455.2,28.11859566,0.029056622,0.027790743,21798.95,coinbase-btc-usd-spot
1000134,2023/02/11,289509602.7,28.10030207,0.029062427,0.026161025,21629.6,coinbase-btc-usd-spot
1000135,2023/02/12,315851204,28.10713654,0.0290569,0.024669322,21863.73,coinbase-btc-usd-spot
1000136,2023/02/13,303650131,28.11688076,0.029010108,0.022560019,21787.85,binance.us-btc-usd-spot
1000137,2023/02/14,299757180.3,28.09387516,0.029044864,0.022745754,21789.14,coinbase-btc-usd-spot
1000138,2023/02/15,317275457.1,28.07893891,0.028743568,0.027739658,22206.27,coinbase-btc-usd-spot
1000139,2023/02/16,348419062.9,28.05838863,0.028789108,0.028197845,24329.04,coinbase-btc-usd-spot
1000140,2023/02/17,321168407.8,28.03395891,0.028875637,0.028334276,23516.15,coinbase-btc-usd-spot
1000141,2023/02/18,327007835.3,28.00652974,0.028860352,0.028259837,24581.52,coinbase-btc-usd-spot
1000142,2023/02/19,315328983.2,27.98900338,0.028863736,0.025349194,24635.86,coinbase-btc-usd-spot
1000143,2023/02/20,286131854.2,27.98195393,0.028887657,0.025491091,24275.9,coinbase-btc-usd-spot
1000144,2023/02/21,325061358.6,27.95240278,0.028910771,0.025700178,24844.97,coinbase-btc-usd-spot
1000145,2023/02/22,272506528,27.93361908,0.028510648,0.025758397,24454.43,coinbase-btc-usd-spot
1000146,2023/02/23,332847260,27.92748479,0.028511795,0.025694184,24184.44,coinbase-btc-usd-spot
1000147,2023/02/24,262774152.6,27.88776963,0.028575249,0.026094957,23943.32,coinbase-btc-usd-spot
1000148,2023/02/25,228809606.1,27.84863402,0.028492637,0.026081984,23186.89,coinbase-btc-usd-spot
1000149,2023/02/26,359556659.2,27.84353108,0.028464074,0.02624581,23159.71,coinbase-btc-usd-spot
1000150,2023/02/27,299630547.8,27.83941803,0.02845662,0.026241837,23553.91,coinbase-btc-usd-spot
1000151,2023/02/28,293209894.2,27.79743842,0.028481355,0.025679993,23489.52,coinbase-btc-usd-spot
1000152,2023/03/01,363837096,27.7422666,0.02850943,0.024738108,23140.5,coinbase-btc-usd-spot
1000153,2023/03/02,308191421.3,27.71664795,0.028507468,0.024641781,23631.5,coinbase-btc-usd-spot
1000154,2023/03/03,359556659.2,27.69787704,0.028743291,0.025756212,23468.24,coinbase-btc-usd-spot
1000155,2023/03/04,325313168.3,27.66364989,0.028735764,0.025719052,22358.18,coinbase-btc-usd-spot
1000156,2023/03/05,331733821.9,27.64696194,0.02849182,0.025738134,22347.86,binance.us-btc-usd-spot
1000157,2023/03/06,282508803.9,27.65141246,0.028442137,0.025735156,22432.69,coinbase-btc-usd-spot
1000158,2023/03/07,353136002.5,27.64537519,0.028455244,0.025625266,22410.31,coinbase-btc-usd-spot
1000159,2023/03/08,284649020.7,27.64005391,0.027502141,0.025856908,22198.48,coinbase-btc-usd-spot
1000160,2023/03/09,288929457.5,27.60879212,0.027890036,0.027845859,21698.37,coinbase-btc-usd-spot
1000161,2023/03/10,291688415.6,27.59602569,0.027892412,0.027785689,20367.01,coinbase-btc-usd-spot
1000162,2023/03/11,357219694.9,27.58700614,0.02783752,0.02663954,20230.09,coinbase-btc-usd-spot
1000163,2023/03/12,348559825.9,27.58426467,0.027238483,0.029607508,20619.11,coinbase-btc-usd-spot
1000164,2023/03/13,339899953.8,27.59876876,0.028050224,0.033813013,22219.32,coinbase-btc-usd-spot
1000165,2023/03/14,316085307,27.59977545,0.028025873,0.034011016,24219.64,coinbase-btc-usd-spot
1000166,2023/03/15,318250273.5,27.59343153,0.028050746,0.034182771,24765.13,coinbase-btc-usd-spot
1000167,2023/03/16,290105693.8,27.57007581,0.028078484,0.034301788,24377.16,coinbase-btc-usd-spot
1000168,2023/03/17,318250273.5,27.56710071,0.028746611,0.034494675,25051.77,coinbase-btc-usd-spot
1000169,2023/03/18,350724792.4,27.54883474,0.028779137,0.034340125,27453.62,coinbase-btc-usd-spot
1000170,2023/03/19,320415243.1,27.54549512,0.028808454,0.034611815,26980.35,coinbase-btc-usd-spot
1000171,2023/03/20,333405048.1,27.55157673,0.028783354,0.034747712,28054.46,coinbase-btc-usd-spot
1000172,2023/03/21,313920337.5,27.53533672,0.028589408,0.034658014,27823.32,coinbase-btc-usd-spot
1000173,2023/03/22,344229889.8,27.51747056,0.028684807,0.035139184,28207.33,coinbase-btc-usd-spot
1000174,2023/03/23,398970829.7,27.50401085,0.028755172,0.035482665,27325.15,coinbase-btc-usd-spot
1000175,2023/03/24,377232885.5,27.47711931,0.02886759,0.036069058,28352.95,coinbase-btc-usd-spot
1000176,2023/03/25,337646717,27.43315379,0.02883118,0.03596721,27489.24,coinbase-btc-usd-spot
1000177,2023/03/26,335318120.4,27.42236653,0.02885824,0.035420873,27494.84,binance.us-btc-usd-spot
1000178,2023/03/27,344632513.4,27.41214473,0.028947647,0.036105296,27992.9,coinbase-btc-usd-spot
1000179,2023/03/28,312032141.3,27.37276816,0.028947821,0.03604476,27142.87,coinbase-btc-usd-spot
1000180,2023/03/29,342303913.5,27.34760669,0.029079621,0.036572428,27274.15,coinbase-btc-usd-spot
1000181,2023/03/30,360932699.5,27.32322831,0.029094727,0.036527469,28358.35,coinbase-btc-usd-spot
1000182,2023/03/31,328332327.4,27.29542642,0.029087299,0.036499131,28035.45,coinbase-btc-usd-spot
1000183,2023/04/01,326003727.5,27.2563809,0.029002511,0.036450726,28475.15,coinbase-btc-usd-spot
1000184,2023/04/02,346961110,27.23850333,0.02891285,0.035111524,28471.46,coinbase-btc-usd-spot
1000185,2023/04/03,305046344.9,27.23371478,0.028917398,0.035248478,28188.34,coinbase-btc-usd-spot
1000186,2023/04/04,377232885.5,27.23210632,0.028908868,0.035243891,27811.77,coinbase-btc-usd-spot
1000187,2023/04/05,323675130.9,27.22570028,0.028858614,0.035225616,28179.64,coinbase-btc-usd-spot
1000188,2023/04/06,375586794.9,27.19001014,0.028856688,0.035137593,28174.91,coinbase-btc-usd-spot
1000189,2023/04/07,338032941.8,27.1445356,0.02886003,0.034775182,28053.46,coinbase-btc-usd-spot
1000190,2023/04/08,349935509.4,27.08974725,0.028834539,0.031999345,27931.94,coinbase-btc-usd-spot
1000191,2023/04/09,347554997.3,27.07815475,0.028841592,0.031860798,27958.8,coinbase-btc-usd-spot
1000192,2023/04/10,292803183.4,27.06890613,0.029022881,0.032469872,28340.99,coinbase-btc-usd-spot
1000193,2023/04/11,366599104.8,27.01151078,0.029039455,0.030654835,29660.41,coinbase-btc-usd-spot
1000194,2023/04/12,380882188,26.9633803,0.029039996,0.026902496,30227.19,coinbase-btc-usd-spot
1000195,2023/04/13,338032941.8,26.8772785,0.029049002,0.026733901,29912.2,coinbase-btc-usd-spot
1000196,2023/04/14,333271914.1,26.80736539,0.029043681,0.026440005,30406.78,coinbase-btc-usd-spot
1000197,2023/04/15,376121160.2,26.76654418,0.029031981,0.026285925,30492.92,coinbase-btc-usd-spot
1000198,2023/04/16,295183695.6,26.74711531,0.029015431,0.020772945,30324.11,coinbase-btc-usd-spot
1000199,2023/04/17,368979620.4,26.75297508,0.029088778,0.021244053,30329.29,coinbase-btc-usd-spot
1000200,2023/04/18,395165271.2,26.67692524,0.029155659,0.020485167,29449.91,coinbase-btc-usd-spot
1000201,2023/04/19,330891401.9,26.63175853,0.029447117,0.022726265,30393.35,coinbase-btc-usd-spot
1000202,2023/04/20,319518832.8,26.58826843,0.0294902,0.02292108,28810.21,coinbase-btc-usd-spot
1000203,2023/04/21,351118489.4,26.48919166,0.029590838,0.023143042,28245.28,coinbase-btc-usd-spot
1000204,2023/04/22,360804517.5,26.35367605,0.029602665,0.022350276,27253.85,coinbase-btc-usd-spot
1000205,2023/04/23,355961503.5,26.27928915,0.029487238,0.021551163,27818.61,coinbase-btc-usd-spot
1000206,2023/04/24,341432464.8,26.19325244,0.029388011,0.021558686,27592.71,coinbase-btc-usd-spot
1000207,2023/04/25,302688355.8,25.96149962,0.029385292,0.021857373,27515.05,coinbase-btc-usd-spot
1000208,2023/04/26,314795889.2,25.7837332,0.029366614,0.020968031,28304.42,coinbase-btc-usd-spot
1000209,2023/04/27,314795889.2,25.59461743,0.029480736,0.021966748,28426.08,coinbase-btc-usd-spot
1000210,2023/04/28,355961503.5,25.38975554,0.029472539,0.020837603,29483.72,coinbase-btc-usd-spot
1000211,2023/04/29,331746436.7,25.26534194,0.029470197,0.020694698,29338.63,coinbase-btc-usd-spot
1000212,2023/04/30,358383012.2,25.20737106,0.029470435,0.020484283,29248.18,coinbase-btc-usd-spot
1000213,2023/05/01,440714244.2,25.14774195,0.029632476,0.022030119,29241.44,coinbase-btc-usd-spot
1000214,2023/05/02,312374380.5,25.03735752,0.029664228,0.022238416,28074.1,kraken-btc-usd-spot
1000215,2023/05/03,341432464.8,24.94148541,0.029487143,0.022223081,28684.4,coinbase-btc-usd-spot
1000216,2023/05/04,351712781.6,24.81290818,0.029491917,0.022215716,29071.82,binance.us-btc-usd-spot
1000217,2023/05/05,283977798.9,24.5473861,0.029508216,0.022608678,28857.23,coinbase-btc-usd-spot
1000218,2023/05/06,355568839.3,24.3018634,0.029525602,0.023001318,29537.48,coinbase-btc-usd-spot
1000219,2023/05/07,331705160.3,24.20554069,0.028425988,0.023007495,28902.66,coinbase-btc-usd-spot
1000220,2023/05/08,326932423.8,24.06557663,0.025804219,0.024009734,28472.68,coinbase-btc-usd-spot
1000221,2023/05/09,360341575.8,23.78772265,0.024600666,0.023861731,27695.06,coinbase-btc-usd-spot
1000222,2023/05/10,405682570.8,23.56053366,0.024429042,0.022178465,27647.29,coinbase-btc-usd-spot
1000223,2023/05/11,360341575.8,23.42245906,0.024496633,0.022155274,27624.08,coinbase-btc-usd-spot
1000224,2023/05/12,336477896.8,23.1174468,0.024407109,0.022126674,26986.56,coinbase-btc-usd-spot
1000225,2023/05/13,346023366.4,22.90688839,0.024377613,0.02187345,26808.84,coinbase-btc-usd-spot
1000226,2023/05/14,415228040.3,22.78742803,0.024364062,0.021873024,26789.48,coinbase-btc-usd-spot
1000227,2023/05/15,350796102.9,22.74899446,0.024349512,0.022060043,26931.76,coinbase-btc-usd-spot
1000228,2023/05/16,365114312.3,22.68226212,0.024361311,0.02206584,27169,coinbase-btc-usd-spot
1000229,2023/05/17,381818888.3,22.62590267,0.024373917,0.021795868,27037.68,coinbase-btc-usd-spot
1000230,2023/05/18,345151895.6,22.57035627,0.024435839,0.021147619,27407.77,coinbase-btc-usd-spot
1000231,2023/05/19,369469366.9,22.53321714,0.024332929,0.0190321,26820.49,coinbase-btc-usd-spot
1000232,2023/05/20,322669912,22.48154438,0.024216538,0.018845017,26890.27,coinbase-btc-usd-spot
1000233,2023/05/21,371932494.5,22.46834402,0.024187307,0.017903535,27113.61,coinbase-btc-usd-spot
1000234,2023/05/22,354690591.1,22.45652014,0.024132569,0.017515964,26752.65,coinbase-btc-usd-spot
1000235,2023/05/23,379321880.6,22.4345046,0.024145769,0.01766902,26854.73,coinbase-btc-usd-spot
1000236,2023/05/24,347301205,22.38452027,0.024288377,0.018643392,27223.22,coinbase-btc-usd-spot
1000237,2023/05/25,371932494.5,22.35677358,0.0242835,0.017850054,26321.4,coinbase-btc-usd-spot
1000238,2023/05/26,376858753.1,22.31963442,0.024286536,0.017941952,26479.06,coinbase-btc-usd-spot
1000239,2023/05/27,357153718.7,22.26579918,0.024256008,0.016397403,26714.86,coinbase-btc-usd-spot
1000240,2023/05/28,394100656.4,22.25023255,0.024447347,0.018618577,26867.99,coinbase-btc-usd-spot
1000241,2023/05/29,399026915,22.24942278,0.024280972,0.018709592,28070.04,coinbase-btc-usd-spot
1000242,2023/05/30,379321880.6,22.24170234,0.024256354,0.018669232,27744.82,coinbase-btc-usd-spot
1000243,2023/05/31,350148490.6,22.19596985,0.024303664,0.017245527,27700.15,coinbase-btc-usd-spot
1000244,2023/06/01,336187210.7,22.15150626,0.024318084,0.016927141,27223.08,coinbase-btc-usd-spot
1000245,2023/06/02,417687139.5,22.12243559,0.024325834,0.017046632,26828.42,coinbase-btc-usd-spot
1000246,2023/06/03,331093464.7,22.08862781,0.024318726,0.017046073,27250.69,coinbase-btc-usd-spot
1000247,2023/06/04,376937175.1,22.08102447,0.024317056,0.016359808,27077.6,coinbase-btc-usd-spot
1000248,2023/06/05,351468445.1,22.09047771,0.024626245,0.018341051,27121.57,coinbase-btc-usd-spot
1000249,2023/06/06,384577792.3,22.08593726,0.024879601,0.021146999,25740.44,coinbase-btc-usd-spot
1000250,2023/06/07,343827827.9,22.05671425,0.025010484,0.020932718,27244.15,coinbase-btc-usd-spot
1000251,2023/06/08,392218409.4,22.03902189,0.025011649,0.020989354,26346.41,coinbase-btc-usd-spot
1000252,2023/06/09,430421502.7,22.02238766,0.025011821,0.020987613,26508.32,coinbase-btc-usd-spot
1000253,2023/06/10,392218409.4,21.98038269,0.025083297,0.020953328,26482.81,coinbase-btc-usd-spot
1000254,2023/06/11,415140264.6,21.9754693,0.024976363,0.020923878,25854.75,coinbase-btc-usd-spot
1000255,2023/06/12,399859030.3,21.96108712,0.024976849,0.020913794,25937.02,coinbase-btc-usd-spot
1000256,2023/06/13,374390300.3,21.73306655,0.024886014,0.020899946,25904.94,coinbase-btc-usd-spot
1000257,2023/06/14,312665624.1,21.31854808,0.024773114,0.021421406,25930.23,coinbase-btc-usd-spot
1000258,2023/06/15,385148461,20.88166624,0.024794834,0.021735191,25124.7,coinbase-btc-usd-spot
1000259,2023/06/16,398160232.5,20.50709421,0.024878424,0.022320468,25569.99,coinbase-btc-usd-spot
1000260,2023/06/17,364329623.6,20.18759555,0.024816912,0.022065926,26329.6,coinbase-btc-usd-spot
1000261,2023/06/18,392955523.1,19.87987388,0.024748486,0.022085722,26506.56,coinbase-btc-usd-spot
1000262,2023/06/19,369534333,19.73685736,0.024760627,0.022243062,26336.46,coinbase-btc-usd-spot
1000263,2023/06/20,353920205,19.58989544,0.025071903,0.024341294,26837.78,coinbase-btc-usd-spot
1000264,2023/06/21,314884890.6,19.46811697,0.025446034,0.02666531,28320.43,coinbase-btc-usd-spot
1000265,2023/06/22,356522561.5,19.39335229,0.025453265,0.026644488,29998.01,coinbase-btc-usd-spot
1000266,2023/06/23,325294309.2,19.3196358,0.025492652,0.025964003,29886.31,coinbase-btc-usd-spot
1000267,2023/06/24,379943751.7,19.20351825,0.025496908,0.026004371,30707.61,coinbase-btc-usd-spot
1000268,2023/06/25,398160232.5,19.16749459,0.025479053,0.026026929,30547.19,coinbase-btc-usd-spot
1000269,2023/06/26,379943751.7,19.15163767,0.025471807,0.026108589,30480.24,coinbase-btc-usd-spot
1000270,2023/06/27,364329623.6,19.06538528,0.025482454,0.024997849,30272.18,coinbase-btc-usd-spot
1000271,2023/06/28,280122385,18.97106437,0.025531497,0.025162081,30697.4,coinbase-btc-usd-spot
1000272,2023/06/29,367574940.7,18.85646716,0.025533033,0.025199888,30074.94,coinbase-btc-usd-spot
1000273,2023/06/30,397786578.4,18.70556693,0.025533498,0.024887167,30446.47,coinbase-btc-usd-spot
1000274,2023/07/01,334845664.4,18.5269626,0.025533238,0.024647085,30467.19,coinbase-btc-usd-spot
1000275,2023/07/02,430515854.7,18.4194738,0.025531994,0.024559323,30587.21,coinbase-btc-usd-spot
1000276,2023/07/03,344916211.5,18.32360896,0.025548121,0.024602372,30613.51,coinbase-btc-usd-spot
1000277,2023/07/04,354986758.6,18.19937208,0.025567708,0.024763311,31161.8,coinbase-btc-usd-spot
1000278,2023/07/05,392751304.9,18.08401515,0.025584365,0.022575964,30771.25,coinbase-btc-usd-spot
1000279,2023/07/06,349951485.1,17.99139547,0.025627692,0.021005559,30499.27,coinbase-btc-usd-spot
1000280,2023/07/07,440586401.9,17.92287012,0.025633961,0.019925396,29899.38,coinbase-btc-usd-spot
1000281,2023/07/08,448139310.4,17.79099279,0.02563533,0.019959913,30352.08,coinbase-btc-usd-spot
1000282,2023/07/09,425480581.2,17.72196634,0.025625553,0.019976808,30291.69,coinbase-btc-usd-spot
1000283,2023/07/10,387716031.3,17.68657144,0.025585697,0.019291017,30168.38,coinbase-btc-usd-spot
1000284,2023/07/11,339880937.9,17.49586044,0.02527178,0.019281042,30419.89,coinbase-btc-usd-spot
1000285,2023/07/12,383801277.4,17.31698997,0.025015642,0.019405332,30626.55,coinbase-btc-usd-spot
1000286,2023/07/13,321592672.2,17.11904933,0.024805825,0.020051198,30381.96,coinbase-btc-usd-spot
1000287,2023/07/14,369831573.3,17.01632889,0.024964502,0.020437896,31471.83,coinbase-btc-usd-spot
1000288,2023/07/15,369831573.3,16.87581991,0.024947967,0.020348239,30330.52,coinbase-btc-usd-spot
1000289,2023/07/16,415390537,16.78917637,0.024948732,0.019863842,30301.65,coinbase-btc-usd-spot
1000290,2023/07/17,364471694.9,16.74959083,0.024885384,0.01991358,30247.64,coinbase-btc-usd-spot
1000291,2023/07/18,434150109.2,16.64351267,0.024875935,0.020003559,30143.08,coinbase-btc-usd-spot
1000292,2023/07/19,396630964.9,16.5393983,0.024304057,0.019879517,29861.93,coinbase-btc-usd-spot
1000293,2023/07/20,343032185.5,16.46229862,0.024304467,0.017336741,29916.72,coinbase-btc-usd-spot
1000294,2023/07/21,300153162.8,16.34381622,0.024301819,0.013185421,29809.13,coinbase-btc-usd-spot
1000295,2023/07/22,359111820.5,16.22186231,0.024302083,0.013208265,29907.98,coinbase-btc-usd-spot
1000296,2023/07/23,393951023.8,16.12281852,0.024285772,0.012685322,29795.03,coinbase-btc-usd-spot
1000297,2023/07/24,401990843.2,16.07319486,0.024351669,0.013770114,30081.61,coinbase-btc-usd-spot
1000298,2023/07/25,369831573.3,15.92373018,0.02434799,0.01377902,29176.98,coinbase-btc-usd-spot
1000299,2023/07/26,380796719.4,15.75049709,0.024349152,0.013782189,29225.14,coinbase-btc-usd-spot
1000300,2023/07/27,358973120,15.61329008,0.024352602,0.01352674,29353.23,coinbase-btc-usd-spot
1000301,2023/07/28,364175629.4,15.5229918,0.024239249,0.013176085,29214.93,coinbase-btc-usd-spot
1000302,2023/07/29,343365595.5,15.41059208,0.024023394,0.012967389,29315.91,coinbase-btc-usd-spot
1000303,2023/07/30,437010757.6,15.35834366,0.024006162,0.012967169,29355.71,coinbase-btc-usd-spot
1000304,2023/07/31,366776886,15.32098742,0.023938448,0.012938712,29281.39,coinbase-btc-usd-spot
1000305,2023/08/01,361574376.6,15.20441014,0.023933431,0.013091792,29230.65,coinbase-btc-usd-spot
1000306,2023/08/02,400593191.6,15.07039188,0.023952684,0.012743254,29696.62,coinbase-btc-usd-spot
1000307,2023/08/03,392789429.4,14.89992808,0.023949697,0.012655672,29164.22,coinbase-btc-usd-spot
1000308,2023/08/04,314751795.6,14.76738264,0.023913938,0.012576524,29173.2,coinbase-btc-usd-spot
1000309,2023/08/05,400593191.6,14.59179113,0.023901029,0.012231305,29076.48,coinbase-btc-usd-spot
1000310,2023/08/06,426605738.7,14.51259136,0.023847923,0.011997748,29047.12,coinbase-btc-usd-spot
1000311,2023/08/07,379783157.7,14.47927273,0.023820586,0.012037506,29040.01,coinbase-btc-usd-spot
1000312,2023/08/08,325156814.4,14.26929878,0.023551153,0.012685809,29179.19,coinbase-btc-usd-spot
1000313,2023/08/09,421665740.4,14.14181299,0.023545514,0.012640165,29770.01,coinbase-btc-usd-spot
1000314,2023/08/10,330756211.8,13.96431107,0.023540324,0.012566886,29562.76,coinbase-btc-usd-spot
1000315,2023/08/11,393261324.2,13.84480774,0.02353704,0.012511423,29424.03,coinbase-btc-usd-spot
1000316,2023/08/12,434931397.9,13.77585837,0.023537166,0.010630102,29400.45,coinbase-btc-usd-spot
1000317,2023/08/13,351591250.5,13.73074881,0.023504462,0.008464941,29416.96,coinbase-btc-usd-spot
1000318,2023/08/14,445348917.3,13.71538231,0.022560573,0.008520588,29275.94,coinbase-btc-usd-spot
1000319,2023/08/15,445348917.3,13.59517802,0.022496954,0.008623044,29405.49,coinbase-btc-usd-spot
1000320,2023/08/16,424513878.6,13.48342511,0.022375441,0.008939838,29170.14,coinbase-btc-usd-spot
1000321,2023/08/17,406283221.6,13.37463172,0.023089881,0.016167253,28700.51,coinbase-btc-usd-spot
1000322,2023/08/18,362008769.9,13.31125768,0.023144093,0.016518534,26629.24,coinbase-btc-usd-spot
1000323,2023/08/19,364613147.8,13.13618402,0.023108765,0.016564437,26048.89,coinbase-btc-usd-spot
1000324,2023/08/20,421909500.6,12.96762265,0.023076818,0.016553467,26096.42,coinbase-btc-usd-spot
1000325,2023/08/21,429722638.3,12.89835395,0.023064927,0.016555615,26189.14,coinbase-btc-usd-spot
1000326,2023/08/22,381739775.7,12.69324296,0.023054967,0.016289122,26125.18,coinbase-btc-usd-spot
1000327,2023/08/23,392623891.5,12.5260527,0.022969428,0.016096468,26042.92,coinbase-btc-usd-spot
1000328,2023/08/24,384329021.8,12.40871153,0.022989988,0.016154324,26427.54,coinbase-btc-usd-spot
1000329,2023/08/25,373269193,12.32819073,0.022961663,0.01607449,26163.49,coinbase-btc-usd-spot
1000330,2023/08/26,378799107.4,12.24069812,0.022961525,0.016079222,26049.39,coinbase-btc-usd-spot
1000331,2023/08/27,320735012.1,12.13856124,0.022931211,0.016065947,26009.61,coinbase-btc-usd-spot
1000332,2023/08/28,326264922.5,12.08096268,0.022885945,0.016056819,26091.16,coinbase-btc-usd-spot
1000333,2023/08/29,436863202.8,11.94717177,0.023282407,0.019677886,26101.04,coinbase-btc-usd-spot
1000334,2023/08/30,348384580.2,11.83611731,0.023007514,0.019793402,27717.98,coinbase-btc-usd-spot
1000335,2023/08/31,398153805.9,11.68193792,0.023326511,0.021518196,27306.06,coinbase-btc-usd-spot
1000336,2023/09/01,417508504.3,11.5310645,0.023330773,0.021469294,25932.45,coinbase-btc-usd-spot
1000337,2023/09/02,420273463.5,11.38957156,0.023331014,0.021477686,25794.88,coinbase-btc-usd-spot
1000338,2023/09/03,436863202.8,11.34205346,0.023315828,0.021522691,25867.83,coinbase-btc-usd-spot
1000339,2023/09/04,411978589.9,11.26305214,0.023261398,0.021516424,25969.82,coinbase-btc-usd-spot
1000340,2023/09/05,342854665.7,11.1032576,0.022741708,0.021513629,25816.13,coinbase-btc-usd-spot
1000341,2023/09/06,364053703.3,10.85129696,0.022736871,0.021468734,25782.9,coinbase-btc-usd-spot
1000342,2023/09/07,393005454.4,10.62798983,0.022739408,0.021343174,25747.63,coinbase-btc-usd-spot
1000343,2023/09/08,358011817.2,10.46518597,0.022178994,0.021383156,26276.3,coinbase-btc-usd-spot
1000344,2023/09/09,406464544.4,10.351913,0.02113933,0.021395219,25906.34,coinbase-btc-usd-spot
1000345,2023/09/10,395697270.8,10.29264846,0.021058803,0.021389421,25897.82,coinbase-btc-usd-spot
1000346,2023/09/11,427999091.5,10.27477368,0.02113012,0.021773154,25831.79,coinbase-btc-usd-spot
1000347,2023/09/12,379546364.3,10.218002,0.021150015,0.022624943,25152.14,coinbase-btc-usd-spot
1000348,2023/09/13,395697270.8,10.12104365,0.020033388,0.022822362,25840.77,coinbase-btc-usd-spot
1000349,2023/09/14,436074544.8,9.953406094,0.020015807,0.022996594,26226.65,coinbase-btc-usd-spot
1000350,2023/09/15,506061819.1,9.816690772,0.019750633,0.022936946,26532.76,coinbase-btc-usd-spot
1000351,2023/09/16,417231818,9.710071625,0.019731816,0.018334482,26602.42,coinbase-btc-usd-spot
1000352,2023/09/17,401080907.6,9.653482646,0.019710495,0.017794888,26569.69,coinbase-btc-usd-spot
1000353,2023/09/18,419923634.4,9.606360491,0.019599389,0.017873374,26530.95,coinbase-btc-usd-spot
1000354,2023/09/19,386415687.8,9.420480497,0.019436351,0.018102986,26764.49,coinbase-btc-usd-spot
1000355,2023/09/20,414558854.2,9.297099331,0.019281047,0.018111315,27216.04,coinbase-btc-usd-spot
1000356,2023/09/21,391843298.8,9.145642484,0.019343439,0.01852055,27123.77,coinbase-btc-usd-spot
1000357,2023/09/22,366288300.9,9.036580478,0.019283146,0.018229129,26564.54,coinbase-btc-usd-spot
1000358,2023/09/23,442953294.4,8.949017309,0.019132395,0.018075205,26578.4,coinbase-btc-usd-spot
1000359,2023/09/24,414558854.2,8.914756536,0.019145836,0.018185096,26579.6,coinbase-btc-usd-spot
1000360,2023/09/25,411719407.7,8.871779427,0.018910633,0.018182511,26250.24,coinbase-btc-usd-spot
1000361,2023/09/26,386164409.9,8.775177336,0.018888536,0.018188912,26296.08,coinbase-btc-usd-spot
1000362,2023/09/27,445792740.9,8.691334547,0.018846324,0.018214075,26208.43,coinbase-btc-usd-spot
1000363,2023/09/28,414558854.2,8.586193406,0.018950113,0.015404219,26357.62,coinbase-btc-usd-spot
1000364,2023/09/29,417398296.6,8.509802646,0.018933394,0.015232559,27027.09,coinbase-btc-usd-spot
1000365,2023/09/30,391843298.8,8.43547172,0.018916948,0.01195202,26907,coinbase-btc-usd-spot
1000366,2023/10/01,400361634.1,8.404269907,0.019089097,0.013389312,26961,coinbase-btc-usd-spot
1000367,2023/10/02,445792740.9,8.382905017,0.019115664,0.013724493,27995.46,coinbase-btc-usd-spot
1000368,2023/10/03,466801497,8.321605669,0.019115096,0.013775509,27504.6,coinbase-btc-usd-spot
1000369,2023/10/04,373280258.6,8.248130925,0.019137673,0.013831765,27428.96,coinbase-btc-usd-spot
1000370,2023/10/05,401774937.1,8.192977759,0.019163569,0.014125382,27786.75,coinbase-btc-usd-spot
1000371,2023/10/06,455914820.3,8.164105434,0.019185753,0.014429304,27412.96,coinbase-btc-usd-spot
1000372,2023/10/07,487258964.7,8.115627465,0.018874981,0.01415641,27945.17,coinbase-btc-usd-spot
1000373,2023/10/08,421721210.1,8.07402095,0.018821278,0.013929239,27976.46,coinbase-btc-usd-spot
1000374,2023/10/09,444516948.9,8.027653601,0.018825709,0.014186796,27933.55,coinbase-btc-usd-spot
1000375,2023/10/10,461613756,7.960066826,0.01879399,0.014245633,27596.67,coinbase-btc-usd-spot
1000376,2023/10/11,455914820.3,7.882771761,0.018858671,0.013885095,27393.29,coinbase-btc-usd-spot
1000377,2023/10/12,470162157.5,7.806696305,0.018858163,0.01299591,26869.19,coinbase-btc-usd-spot
1000378,2023/10/13,393226531.5,7.722629409,0.018861102,0.012775128,26750.51,coinbase-btc-usd-spot
1000379,2023/10/14,416022274.4,7.664631218,0.018748016,0.012582722,26863.53,coinbase-btc-usd-spot
1000380,2023/10/15,475861093.2,7.649801756,0.018624862,0.012684165,26851.71,coinbase-btc-usd-spot
1000381,2023/10/16,417078811.5,7.64674276,0.018579936,0.015467295,27186.13,coinbase-btc-usd-spot
1000382,2023/10/17,491483968.4,7.626259892,0.018525932,0.015473298,28520.24,coinbase-btc-usd-spot
1000383,2023/10/18,439908488.3,7.597465163,0.018346075,0.015444524,28415.8,kraken-btc-usd-spot
1000384,2023/10/19,424739231,7.550223011,0.018313527,0.015329682,28335.1,kraken-btc-usd-spot
1000385,2023/10/20,406536124,7.51729495,0.018483337,0.016435206,28726.9,kraken-btc-usd-spot
1000386,2023/10/21,455077750,7.466013848,0.018488597,0.015813517,29688,bitstamp-btc-usd-spot
1000387,2023/10/22,464179303.5,7.434459846,0.018373201,0.015803227,29920.2,kraken-btc-usd-spot
1000388,2023/10/23,476314711.1,7.428476681,0.019666605,0.022821821,30002,bitstamp-btc-usd-spot
1000389,2023/10/24,382265308.8,7.410692387,0.019579328,0.022855856,33084.4,kraken-btc-usd-spot
1000390,2023/10/25,436874638.6,7.375110746,0.019617037,0.022860535,33917,bitstamp-btc-usd-spot
1000391,2023/10/26,455077750,7.321285315,0.019626795,0.022983195,34498,bitstamp-btc-usd-spot
1000392,2023/10/27,467213153.2,7.281873817,0.019636586,0.023191157,34155.2,kraken-btc-usd-spot
1000393,2023/10/28,485416264.6,7.252999751,0.019358249,0.022951489,33915.1,kraken-btc-usd-spot
1000394,2023/10/29,415637677.5,7.224908686,0.019329372,0.022859785,34092.1,kraken-btc-usd-spot
1000395,2023/10/30,482896145.8,7.219779946,0.019312532,0.022918497,34529.5,kraken-btc-usd-spot
1000396,2023/10/31,481286783.4,7.182524042,0.019305745,0.022341988,34508.1,kraken-btc-usd-spot