Key,time,HashRate-BTC,VelCur1yr-BTC,VtyDayRet180d-BTC,VtyDayRet30d-BTC,principal_market_price_usd-BTC,principal_market_usd-BTC,Key,time,HashRate-Doge,VtyDayRet180d-Doge,VtyDayRet30d-Doge,principal_market_price_usd-Doge,principal_market_usd-Doge,Key,time,principal_market_price_usd-RVN,principal_market_usd-RVN
1000001,2022-10-01,282168375.3,29.21479537,0.035875957,0.033666588,19418.0,ftx-btc-usd-spot,1000001,2022-10-01,493.2469107,0.054204679,0.032815991,0.06169,coinbase-doge-usd-spot,1000001,2022-10-01,0.035484,binance-rvn-usdt-spot
1000002,2022-10-02,244753785.4,29.21513971,0.035864455,0.033746307,19315.27,coinbase-btc-usd-spot,1000002,2022-10-02,488.6194884,0.053059401,0.033026114,0.0606,ftx-doge-usd-spot,1000002,2022-10-02,0.035944,binance-rvn-usdt-spot
1000003,2022-10-03,240076960.0,29.25289429,0.035781464,0.034275662,19059.17,coinbase-btc-usd-spot,1000003,2022-10-03,490.9008544,0.051487384,0.033079594,0.05926,coinbase-doge-usd-spot,1000003,2022-10-03,0.03434,binance-rvn-usdt-spot
1000004,2022-10-04,254107431.8,29.2983003,0.035895684,0.034862918,19631.0,ftx-btc-usd-spot,1000004,2022-10-04,476.5472617,0.051942977,0.036966071,0.06032,coinbase-doge-usd-spot,1000004,2022-10-04,0.035434,binance-rvn-usdt-spot
1000005,2022-10-05,272814728.9,29.31754907,0.03583984,0.034870971,20345.19,coinbase-btc-usd-spot,1000005,2022-10-05,486.530826,0.051929014,0.037188248,0.06586,coinbase-doge-usd-spot,1000005,2022-10-05,0.035677,binance-rvn-usdt-spot
1000006,2022-10-06,247871668.3,29.28742705,0.035825192,0.033653113,20161.62,coinbase-btc-usd-spot,1000006,2022-10-06,498.303527,0.051920118,0.035568948,0.06478,coinbase-doge-usd-spot,1000006,2022-10-06,0.034637,binance-rvn-usdt-spot
1000007,2022-10-07,266578963.2,29.29397787,0.035844221,0.033646965,19965.64,coinbase-btc-usd-spot,1000007,2022-10-07,478.1362854,0.051823335,0.035174553,0.06345,coinbase-doge-usd-spot,1000007,2022-10-07,0.036164,binance-rvn-usdt-spot
1000008,2022-10-08,272814728.9,29.29527388,0.03553974,0.033668755,19533.05,coinbase-btc-usd-spot,1000008,2022-10-08,510.2726255,0.051256776,0.035237767,0.062367,ftx-doge-usd-spot,1000008,2022-10-08,0.036084,binance-rvn-usdt-spot
1000009,2022-10-09,246312725.8,29.32656448,0.035516338,0.027829337,19419.39,coinbase-btc-usd-spot,1000009,2022-10-09,479.7924605,0.051220164,0.034149004,0.06165,coinbase-doge-usd-spot,1000009,2022-10-09,0.035243,binance-rvn-usdt-spot
1000010,2022-10-10,282818946.7,29.38355316,0.035452792,0.027648723,19443.47,coinbase-btc-usd-spot,1000010,2022-10-10,465.1722606,0.051269566,0.034747336,0.06211,coinbase-doge-usd-spot,1000010,2022-10-10,0.035784,binance-rvn-usdt-spot
1000011,2022-10-11,277924882.8,29.42126057,0.035398436,0.027634421,19132.83,coinbase-btc-usd-spot,1000011,2022-10-11,488.1022647,0.051222349,0.034663986,0.0594,coinbase-doge-usd-spot,1000011,2022-10-11,0.033591,binance-rvn-usdt-spot
1000012,2022-10-12,242520438.9,29.46672252,0.035377328,0.027004087,19058.11,coinbase-btc-usd-spot,1000012,2022-10-12,480.7188741,0.051203405,0.034650672,0.06024,coinbase-doge-usd-spot,1000012,2022-10-12,0.032485,binance-rvn-usdt-spot
1000013,2022-10-13,253141772.8,29.52948913,0.035397501,0.019756363,19155.92,coinbase-btc-usd-spot,1000013,2022-10-13,468.3603807,0.051198505,0.032270293,0.05981,ftx-doge-usd-spot,1000013,2022-10-13,0.03251,binance-rvn-usdt-spot
1000014,2022-10-14,276154659.2,29.55403827,0.035385107,0.019805208,19378.65,coinbase-btc-usd-spot,1000014,2022-10-14,470.9498442,0.051167963,0.032050979,0.05967,coinbase-doge-usd-spot,1000014,2022-10-14,0.031122,binance-rvn-usdt-spot
1000015,2022-10-15,269073772.4,29.52243359,0.035305326,0.019220103,19178.0,coinbase-btc-usd-spot,1000015,2022-10-15,465.217113,0.051164943,0.031241207,0.05867,coinbase-doge-usd-spot,1000015,2022-10-15,0.030681,binance-rvn-usdt-spot
1000016,2022-10-16,254911993.9,29.51104534,0.035288007,0.019318339,19070.24,coinbase-btc-usd-spot,1000016,2022-10-16,495.0241887,0.051142145,0.030860113,0.0586,coinbase-doge-usd-spot,1000016,2022-10-16,0.030201,binance-rvn-usdt-spot
1000017,2022-10-17,265533327.8,29.52614833,0.035317571,0.019195553,19264.44,coinbase-btc-usd-spot,1000017,2022-10-17,482.5933349,0.051165015,0.03052849,0.05891,coinbase-doge-usd-spot,1000017,2022-10-17,0.030931,binance-rvn-usdt-spot
1000018,2022-10-18,251371549.2,29.53809836,0.03529346,0.018198284,19550.4,coinbase-btc-usd-spot,1000018,2022-10-18,488.8998128,0.051118443,0.026905751,0.06,coinbase-doge-usd-spot,1000018,2022-10-18,0.031441,binance-rvn-usdt-spot
1000019,2022-10-19,267303548.8,29.56268599,0.035281902,0.018252912,19328.76,coinbase-btc-usd-spot,1000019,2022-10-19,479.1457974,0.051128607,0.026928521,0.05975,coinbase-doge-usd-spot,1000019,2022-10-19,0.032872,binance-rvn-usdt-spot
1000020,2022-10-20,256682214.9,29.57512275,0.035281998,0.017050915,19124.18,coinbase-btc-usd-spot,1000020,2022-10-20,487.1311236,0.051139297,0.027012283,0.05869,coinbase-doge-usd-spot,1000020,2022-10-20,0.030102,binance-rvn-usdt-spot
1000021,2022-10-21,276154659.2,29.59131416,0.035291973,0.01667405,19042.48,coinbase-btc-usd-spot,1000021,2022-10-21,487.0763607,0.051130946,0.026720781,0.05943,coinbase-doge-usd-spot,1000021,2022-10-21,0.031867,binance-rvn-usdt-spot
1000022,2022-10-22,240750215.3,29.59431154,0.035231911,0.01415508,19166.45,coinbase-btc-usd-spot,1000022,2022-10-22,449.6018651,0.049356729,0.025665682,0.05933,coinbase-doge-usd-spot,1000022,2022-10-22,0.03123,binance-rvn-usdt-spot
1000023,2022-10-23,274810664.8,29.59994604,0.035011206,0.014538372,19218.0,ftx.us-btc-usd-spot,1000023,2022-10-23,497.7855839,0.048464705,0.022882877,0.05971,coinbase-doge-usd-spot,1000023,2022-10-23,0.03166,binance-rvn-usdt-spot
1000024,2022-10-24,249031191.6,29.61950696,0.034926498,0.014153433,19572.44,coinbase-btc-usd-spot,1000024,2022-10-24,506.1992651,0.048454664,0.023004776,0.06036,coinbase-doge-usd-spot,1000024,2022-10-24,0.031713,binance-rvn-usdt-spot
1000025,2022-10-25,223395628.2,29.63575626,0.035044045,0.01563316,19330.41,coinbase-btc-usd-spot,1000025,2022-10-25,499.7432999,0.048648211,0.024403544,0.059465,ftx-doge-usd-spot,1000025,2022-10-25,0.030487,binance-rvn-usdt-spot
1000026,2022-10-26,283822315.6,29.661114,0.035107193,0.016339704,20086.28,coinbase-btc-usd-spot,1000026,2022-10-26,509.9693826,0.049872541,0.035691542,0.06305,coinbase-doge-usd-spot,1000026,2022-10-26,0.030708289,binance-rvn-usdt-spot
1000027,2022-10-27,247200081.0,29.67917117,0.035112846,0.017065516,20774.51,binance.us-btc-usd-spot,1000027,2022-10-27,487.6280031,0.049937102,0.03711735,0.07276,coinbase-doge-usd-spot,1000027,2022-10-27,0.03124656,binance-rvn-usdt-spot
1000028,2022-10-28,291146763.0,29.6790612,0.0351004,0.016998986,20296.97,coinbase-btc-usd-spot,1000028,2022-10-28,507.9979444,0.05029955,0.040021981,0.07688,coinbase-doge-usd-spot,1000028,2022-10-28,0.03085216,binance-rvn-usdt-spot
1000029,2022-10-29,261848975.9,29.67672222,0.035110919,0.017051994,20597.91,coinbase-btc-usd-spot,1000029,2022-10-29,482.9721023,0.056642397,0.073177654,0.08387,coinbase-doge-usd-spot,1000029,2022-10-29,0.031346268,binance-rvn-usdt-spot
1000030,2022-10-30,247200081.0,29.67517157,0.035084105,0.017119568,20823.53,coinbase-btc-usd-spot,1000030,2022-10-30,495.6932991,0.056656359,0.073621076,0.12185,coinbase-doge-usd-spot,1000030,2022-10-30,0.032029286,binance-rvn-usdt-spot
1000031,2022-10-31,316782326.4,29.70303996,0.034855007,0.01711554,20630.68,coinbase-btc-usd-spot,1000031,2022-10-31,489.5412328,0.056851536,0.0739481,0.11779,coinbase-doge-usd-spot,1000031,2022-10-31,0.03195607,binance-rvn-usdt-spot
1000032,2022-11-01,263680086.4,29.72690088,0.034350965,0.016803599,20489.94,coinbase-btc-usd-spot,1000032,2022-11-01,524.337654,0.057383778,0.075268721,0.12685,coinbase-doge-usd-spot,1000032,2022-11-01,0.031418429,binance-rvn-usdt-spot
1000033,2022-11-02,223395628.2,29.76837896,0.034358116,0.01618884,20479.63,coinbase-btc-usd-spot,1000033,2022-11-02,517.243169,0.057951415,0.079329433,0.14219,coinbase-doge-usd-spot,1000033,2022-11-02,0.031206255,binance-rvn-usdt-spot
1000034,2022-11-03,300302321.0,29.84306206,0.034349485,0.014829103,20151.4,coinbase-btc-usd-spot,1000034,2022-11-03,503.8504124,0.058045062,0.079350068,0.1276,coinbase-doge-usd-spot,1000034,2022-11-03,0.02945,binance-rvn-usdt-spot
1000035,2022-11-04,236213409.9,29.94712286,0.034424512,0.01698811,20206.88,coinbase-btc-usd-spot,1000035,2022-11-04,529.6538056,0.05805976,0.078959773,0.12261,coinbase-doge-usd-spot,1000035,2022-11-04,0.030236976,binance-rvn-usdt-spot
1000036,2022-11-05,276497868.1,29.96622171,0.033444477,0.016856057,21144.2,coinbase-btc-usd-spot,1000036,2022-11-05,522.3406867,0.056795227,0.078889683,0.12616,coinbase-doge-usd-spot,1000036,2022-11-05,0.03210321,binance-rvn-usdt-spot
1000037,2022-11-06,250862304.8,30.11212297,0.033429003,0.016648337,21300.45,coinbase-btc-usd-spot,1000037,2022-11-06,541.7915257,0.057107646,0.080909689,0.12448,coinbase-doge-usd-spot,1000037,2022-11-06,0.031940639,binance-rvn-usdt-spot
1000038,2022-11-07,263168681.0,30.23390434,0.03302236,0.016999531,20909.17,coinbase-btc-usd-spot,1000038,2022-11-07,533.6245043,0.053885111,0.081303228,0.11479,coinbase-doge-usd-spot,1000038,2022-11-07,0.03015603,binance-rvn-usdt-spot
1000039,2022-11-08,297875785.7,30.21372444,0.0338937,0.025871283,20595.0,ftx-btc-usd-spot,1000039,2022-11-08,560.7959984,0.056580505,0.093270526,0.11128,coinbase-doge-usd-spot,1000039,2022-11-08,0.029962996,binance-rvn-usdt-spot
1000040,2022-11-09,272291362.9,30.24101835,0.035895426,0.039000219,18550.25,coinbase-btc-usd-spot,1000040,2022-11-09,541.4764485,0.057889346,0.099040896,0.08835,coinbase-doge-usd-spot,1000040,2022-11-09,0.0253308,binance-rvn-usdt-spot
1000041,2022-11-10,268636445.0,30.29493793,0.036768061,0.0441831,15891.96,coinbase-btc-usd-spot,1000041,2022-11-10,554.3505369,0.059670698,0.104751277,0.07446,coinbase-doge-usd-spot,1000041,2022-11-10,0.01985018,binance-rvn-usdt-spot
1000042,2022-11-11,244879482.4,30.33309276,0.036728784,0.04456595,17553.89,coinbase-btc-usd-spot,1000042,2022-11-11,523.128325,0.059793167,0.10554978,0.08959,coinbase-doge-usd-spot,1000042,2022-11-11,0.024391872,binance-rvn-usdt-spot
1000043,2022-11-12,305185621.6,30.32299972,0.036614828,0.044467565,17013.62,coinbase-btc-usd-spot,1000043,2022-11-12,542.5149831,0.059760339,0.105677317,0.08488,coinbase-doge-usd-spot,1000043,2022-11-12,0.023291859,binance-rvn-usdt-spot
1000044,2022-11-13,235742186.3,30.32852801,0.036623088,0.044644238,16783.33,coinbase-btc-usd-spot,1000044,2022-11-13,559.7761111,0.059802464,0.106027678,0.08806,coinbase-doge-usd-spot,1000044,2022-11-13,0.021881859,binance-rvn-usdt-spot
1000045,2022-11-14,224777435.2,30.34476859,0.036444799,0.044860938,16301.39,coinbase-btc-usd-spot,1000045,2022-11-14,538.0558189,0.059560028,0.106013479,0.08483,coinbase-doge-usd-spot,1000045,2022-11-14,0.021439942,binance-rvn-usdt-spot
1000046,2022-11-15,283256116.7,30.33815757,0.036245898,0.044904602,16590.73,coinbase-btc-usd-spot,1000046,2022-11-15,567.5210658,0.059509513,0.106007619,0.0858,coinbase-doge-usd-spot,1000046,2022-11-15,0.022251036,binance-rvn-usdt-spot
1000047,2022-11-16,274118823.2,30.29105328,0.036174591,0.044766871,16877.93,coinbase-btc-usd-spot,1000047,2022-11-16,564.6246881,0.059475208,0.106125241,0.08695,coinbase-doge-usd-spot,1000047,2022-11-16,0.022390854,binance-rvn-usdt-spot
1000048,2022-11-17,252189315.7,30.24640983,0.03616843,0.044767507,16645.24,coinbase-btc-usd-spot,1000048,2022-11-17,543.8991039,0.059480555,0.106179394,0.08543,coinbase-doge-usd-spot,1000048,2022-11-17,0.02143854,binance-rvn-usdt-spot
1000049,2022-11-18,254016775.9,30.22927857,0.036080739,0.0447592,16680.47,coinbase-btc-usd-spot,1000049,2022-11-18,542.4613607,0.059462454,0.10604671,0.08457,coinbase-doge-usd-spot,1000049,2022-11-18,0.021233,binance-rvn-usdt-spot
1000050,2022-11-19,268636445.0,30.19627428,0.035967013,0.044775569,16680.59,coinbase-btc-usd-spot,1000050,2022-11-19,534.4968699,0.05940796,0.106070641,0.08462,coinbase-doge-usd-spot,1000050,2022-11-19,0.021412128,binance-rvn-usdt-spot
1000051,2022-11-20,272422405.8,30.19089448,0.035973938,0.044908541,16683.02,coinbase-btc-usd-spot,1000051,2022-11-20,547.5261146,0.059795379,0.107708795,0.0844,coinbase-doge-usd-spot,1000051,2022-11-20,0.021683948,binance-rvn-usdt-spot
1000052,2022-11-21,236949653.1,30.20012018,0.036025741,0.045092502,16252.53,coinbase-btc-usd-spot,1000052,2022-11-21,557.9136392,0.059839804,0.107963074,0.07692,coinbase-doge-usd-spot,1000052,2022-11-21,0.02050919,binance-rvn-usdt-spot
1000053,2022-11-22,231439196.9,30.1836825,0.036085124,0.045226591,15760.14,coinbase-btc-usd-spot,1000053,2022-11-22,545.1973797,0.059804552,0.108232387,0.07458,coinbase-doge-usd-spot,1000053,2022-11-22,0.020123805,binance-rvn-usdt-spot
1000054,2022-11-23,258991483.1,30.1616887,0.036107953,0.04556152,16199.71,coinbase-btc-usd-spot,1000054,2022-11-23,578.0879435,0.059826986,0.108306338,0.07866,coinbase-doge-usd-spot,1000054,2022-11-23,0.020735088,binance-rvn-usdt-spot
1000055,2022-11-24,236949653.1,30.09794444,0.0360836,0.044838647,16587.0,coinbase-btc-usd-spot,1000055,2022-11-24,531.1789016,0.059826158,0.108017489,0.08187,coinbase-doge-usd-spot,1000055,2022-11-24,0.022682748,binance-rvn-usdt-spot
1000056,2022-11-25,225928740.7,30.01837592,0.036063015,0.044179781,16587.61,coinbase-btc-usd-spot,1000056,2022-11-25,529.1239935,0.060235137,0.106257741,0.08138,coinbase-doge-usd-spot,1000056,2022-11-25,0.02268184,binance-rvn-usdt-spot
1000057,2022-11-26,200213272.3,29.94619761,0.035578118,0.044058562,16510.9,coinbase-btc-usd-spot,1000057,2022-11-26,508.5607267,0.060061813,0.10574364,0.08947,coinbase-doge-usd-spot,1000057,2022-11-26,0.022274397,binance-rvn-usdt-spot
1000058,2022-11-27,249807386.0,29.92716656,0.035575289,0.043865302,16450.93,coinbase-btc-usd-spot,1000058,2022-11-27,537.5650542,0.060635558,0.106474788,0.08887,coinbase-doge-usd-spot,1000058,2022-11-27,0.022114509,binance-rvn-usdt-spot
1000059,2022-11-28,255317844.8,29.93054375,0.035284789,0.043757202,16419.88,coinbase-btc-usd-spot,1000059,2022-11-28,552.4280054,0.060571378,0.085025319,0.09861,coinbase-doge-usd-spot,1000059,2022-11-28,0.021966812,binance-rvn-usdt-spot
1000060,2022-11-29,240623291.4,29.90289854,0.035255991,0.043947708,16206.3,coinbase-btc-usd-spot,1000060,2022-11-29,527.342896,0.060767684,0.086126615,0.09506,coinbase-doge-usd-spot,1000060,2022-11-29,0.02126936,binance-rvn-usdt-spot
1000061,2022-11-30,253481024.3,29.85226348,0.035381515,0.044932046,16438.0,coinbase-btc-usd-spot,1000061,2022-11-30,541.8852383,0.060836476,0.085375301,0.10142,coinbase-doge-usd-spot,1000061,2022-11-30,0.021313178,binance-rvn-usdt-spot
1000062,2022-12-01,281033310.5,29.81351746,0.035384337,0.044935808,17167.33,coinbase-btc-usd-spot,1000062,2022-12-01,569.6661494,0.060979909,0.082575265,0.10676,coinbase-doge-usd-spot,1000062,2022-12-01,0.022034406,binance-rvn-usdt-spot
1000063,2022-12-02,229602379.1,29.78147225,0.035387793,0.044953363,16980.08,coinbase-btc-usd-spot,1000063,2022-12-02,575.7181634,0.060979197,0.080567161,0.10171,coinbase-doge-usd-spot,1000063,2022-12-02,0.021872187,binance-rvn-usdt-spot
1000064,2022-12-03,240623291.4,29.74338527,0.035197088,0.044935712,17093.28,coinbase-btc-usd-spot,1000064,2022-12-03,564.2892079,0.060995288,0.080309656,0.10213,coinbase-doge-usd-spot,1000064,2022-12-03,0.022511351,binance-rvn-usdt-spot
1000065,2022-12-04,257154662.6,29.67161332,0.03521831,0.043999376,16888.52,coinbase-btc-usd-spot,1000065,2022-12-04,550.1844346,0.061050645,0.080549012,0.09969,coinbase-doge-usd-spot,1000065,2022-12-04,0.021662166,binance-rvn-usdt-spot
1000066,2022-12-05,268175577.7,29.64304854,0.035160994,0.043932165,17108.9,coinbase-btc-usd-spot,1000066,2022-12-05,549.9267303,0.061083752,0.080642071,0.1041,coinbase-doge-usd-spot,1000066,2022-12-05,0.021962855,binance-rvn-usdt-spot
1000067,2022-12-06,230616963.7,29.58194944,0.035167898,0.043974777,16966.93,coinbase-btc-usd-spot,1000067,2022-12-06,609.575537,0.061090602,0.079364937,0.10149,coinbase-doge-usd-spot,1000067,2022-12-06,0.021867813,binance-rvn-usdt-spot
1000068,2022-12-07,292794731.6,29.54416293,0.035101742,0.043938943,17089.09,coinbase-btc-usd-spot,1000068,2022-12-07,570.6183439,0.061061577,0.079523931,0.1002,coinbase-doge-usd-spot,1000068,2022-12-07,0.022127787,binance-rvn-usdt-spot
1000069,2022-12-08,284283257.4,29.51958376,0.035115169,0.040108344,16840.0,coinbase-btc-usd-spot,1000069,2022-12-08,562.4618746,0.060813546,0.067276627,0.09575,coinbase-doge-usd-spot,1000069,2022-12-08,0.02144,binance-rvn-usdt-spot
1000070,2022-12-09,258748834.7,29.50390449,0.034892986,0.026605447,17226.28,coinbase-btc-usd-spot,1000070,2022-12-09,571.4898431,0.060531163,0.05822046,0.0985,coinbase-doge-usd-spot,1000070,2022-12-09,0.0222,binance-rvn-usdt-spot
1000071,2022-12-10,262153422.4,29.47651438,0.032124782,0.01785944,17129.95,coinbase-btc-usd-spot,1000071,2022-12-10,568.1724682,0.058871343,0.046622053,0.0967,coinbase-doge-usd-spot,1000071,2022-12-10,0.021932193,binance-rvn-usdt-spot
1000072,2022-12-11,250237358.0,29.46808699,0.032116907,0.016560842,17128.1,coinbase-btc-usd-spot,1000072,2022-12-11,578.1863268,0.058924367,0.045807554,0.09629,coinbase-doge-usd-spot,1000072,2022-12-11,0.02195,binance-rvn-usdt-spot
1000073,2022-12-12,243428180.1,29.47504078,0.032081211,0.016501303,17085.22,coinbase-btc-usd-spot,1000073,2022-12-12,562.0658368,0.058370371,0.045467467,0.0927,coinbase-doge-usd-spot,1000073,2022-12-12,0.021610648,binance-rvn-usdt-spot
1000074,2022-12-13,280878667.2,29.46719086,0.031263609,0.016640588,17211.66,coinbase-btc-usd-spot,1000074,2022-12-13,594.5524473,0.057642009,0.04474014,0.09029,coinbase-doge-usd-spot,1000074,2022-12-13,0.021742174,binance-rvn-usdt-spot
1000075,2022-12-14,251939654.3,29.45140419,0.031258041,0.016367164,17773.18,coinbase-btc-usd-spot,1000075,2022-12-14,597.7693152,0.057615942,0.044972153,0.09103,coinbase-doge-usd-spot,1000075,2022-12-14,0.022115576,binance-rvn-usdt-spot
1000076,2022-12-15,236618999.7,29.43687948,0.030840032,0.017037207,17804.97,coinbase-btc-usd-spot,1000076,2022-12-15,587.4476175,0.057438169,0.04571451,0.08825,coinbase-doge-usd-spot,1000076,2022-12-15,0.02179,binance-rvn-usdt-spot
1000077,2022-12-16,221298345.1,29.41719204,0.030483341,0.018752679,17359.15,coinbase-btc-usd-spot,1000077,2022-12-16,568.6133796,0.057326582,0.050071347,0.08486,coinbase-doge-usd-spot,1000077,2022-12-16,0.021370427,binance-rvn-usdt-spot
1000078,2022-12-17,234916703.4,29.38214805,0.030492598,0.018844352,16634.41,coinbase-btc-usd-spot,1000078,2022-12-17,593.9336404,0.057431355,0.050937787,0.07579,coinbase-doge-usd-spot,1000078,2022-12-17,0.019191919,binance-rvn-usdt-spot
1000079,2022-12-18,246832767.8,29.3601842,0.03048849,0.018843388,16781.66,coinbase-btc-usd-spot,1000079,2022-12-18,588.579803,0.057057917,0.050937566,0.07923,coinbase-doge-usd-spot,1000079,2022-12-18,0.019830793,binance-rvn-usdt-spot
1000080,2022-12-19,234239565.5,29.36241953,0.030428247,0.019239923,16741.16,coinbase-btc-usd-spot,1000080,2022-12-19,586.3628336,0.05737911,0.054036817,0.07845,coinbase-doge-usd-spot,1000080,2022-12-19,0.01994319,binance-rvn-usdt-spot
1000081,2022-12-20,246114014.6,29.35129218,0.030237599,0.019271408,16439.74,coinbase-btc-usd-spot,1000081,2022-12-20,603.5970968,0.057424959,0.052417953,0.07136,coinbase-doge-usd-spot,1000081,2022-12-20,0.019,binance-rvn-usdt-spot
1000082,2022-12-21,251387888.0,29.33001065,0.030228889,0.018448073,16896.48,coinbase-btc-usd-spot,1000082,2022-12-21,586.0423636,0.057330348,0.052211193,0.07484,coinbase-doge-usd-spot,1000082,2022-12-21,0.020220607,binance-rvn-usdt-spot
1000083,2022-12-22,237324228.9,29.31928487,0.030221404,0.01794655,16826.81,coinbase-btc-usd-spot,1000083,2022-12-22,591.7558369,0.057424062,0.052142794,0.07371,coinbase-doge-usd-spot,1000083,2022-12-22,0.02023,binance-rvn-usdt-spot
1000084,2022-12-23,232050358.0,29.30926079,0.030192873,0.017409107,16815.52,coinbase-btc-usd-spot,1000084,2022-12-23,562.4518952,0.057179847,0.051512382,0.07685,coinbase-doge-usd-spot,1000084,2022-12-23,0.020257164,binance-rvn-usdt-spot
1000085,2022-12-24,156458196.5,29.28854038,0.030177009,0.017417636,16778.48,coinbase-btc-usd-spot,1000085,2022-12-24,565.1235324,0.057167493,0.051535403,0.0772,coinbase-doge-usd-spot,1000085,2022-12-24,0.02005,binance-rvn-usdt-spot
1000086,2022-12-25,247871973.3,29.26507918,0.030129317,0.017401467,16837.56,coinbase-btc-usd-spot,1000086,2022-12-25,618.360727,0.056763463,0.04835419,0.07749,coinbase-doge-usd-spot,1000086,2022-12-25,0.01979901,binance-rvn-usdt-spot
1000087,2022-12-26,226776484.5,29.25812001,0.030125017,0.017380961,16829.02,coinbase-btc-usd-spot,1000087,2022-12-26,612.2154234,0.056637735,0.048354126,0.07595,coinbase-doge-usd-spot,1000087,2022-12-26,0.01979802,binance-rvn-usdt-spot
1000088,2022-12-27,202165083.6,29.23106123,0.030006416,0.017509062,16917.0,coinbase-btc-usd-spot,1000088,2022-12-27,573.2740458,0.056437446,0.042873237,0.07566,coinbase-doge-usd-spot,1000088,2022-12-27,0.019686062,binance-rvn-usdt-spot
1000089,2022-12-28,295336819.0,29.20851075,0.030013703,0.017413964,16698.73,coinbase-btc-usd-spot,1000089,2022-12-28,579.2107755,0.056517354,0.042838524,0.07365,coinbase-doge-usd-spot,1000089,2022-12-28,0.019232112,binance-rvn-usdt-spot
1000090,2022-12-29,247871973.3,29.18134757,0.030015462,0.017256677,16539.66,coinbase-btc-usd-spot,1000090,2022-12-29,580.8026553,0.056520027,0.040316135,0.07036,coinbase-doge-usd-spot,1000090,2022-12-29,0.018450585,binance-rvn-usdt-spot
1000091,2022-12-30,277757245.1,29.15320237,0.030014727,0.015198639,16627.54,coinbase-btc-usd-spot,1000091,2022-12-30,626.0497388,0.056589696,0.038664914,0.07088,coinbase-doge-usd-spot,1000091,2022-12-30,0.018551648,binance-rvn-usdt-spot
1000092,2022-12-31,274241330.3,29.13227315,0.029790732,0.015056285,16600.97,coinbase-btc-usd-spot,1000092,2022-12-31,608.4116963,0.056568665,0.038593626,0.06837,coinbase-doge-usd-spot,1000092,2022-12-31,0.01829085,binance-rvn-usdt-spot
1000093,2023-01-01,272483374.2,29.12770734,0.02979418,0.015029956,16530.35,coinbase-btc-usd-spot,1000093,2023-01-01,567.6326161,0.056515441,0.038507503,0.07019,coinbase-doge-usd-spot,1000093,2023-01-01,0.018530174,binance-rvn-usdt-spot
1000094,2023-01-02,274241330.3,29.12008576,0.02976318,0.014958567,16611.58,coinbase-btc-usd-spot,1000094,2023-01-02,581.4451274,0.056509736,0.038916661,0.0702,coinbase-doge-usd-spot,1000094,2023-01-02,0.01923038,binance-rvn-usdt-spot
1000095,2023-01-03,261567697.3,29.10544605,0.029498496,0.014740326,16666.87,coinbase-btc-usd-spot,1000095,2023-01-03,589.1438475,0.056481759,0.037528786,0.07135,coinbase-doge-usd-spot,1000095,2023-01-03,0.019234228,binance-rvn-usdt-spot
1000096,2023-01-04,242356483.1,29.09971923,0.029504792,0.014795145,16669.47,coinbase-btc-usd-spot,1000096,2023-01-04,563.8712953,0.056530159,0.038394681,0.07047,coinbase-doge-usd-spot,1000096,2023-01-04,0.019202124,binance-rvn-usdt-spot
1000097,2023-01-05,266083690.6,29.07206503,0.029496903,0.014742943,16844.42,coinbase-btc-usd-spot,1000097,2023-01-05,562.2981756,0.056548226,0.038423316,0.07307,coinbase-doge-usd-spot,1000097,2023-01-05,0.019983603,binance-rvn-usdt-spot
1000098,2023-01-06,305064103.2,29.04894095,0.029393315,0.014620692,16826.23,coinbase-btc-usd-spot,1000098,2023-01-06,582.0194476,0.056503112,0.038153526,0.0715,coinbase-doge-usd-spot,1000098,2023-01-06,0.019722108,binance-rvn-usdt-spot
1000099,2023-01-07,260999287.2,29.02001585,0.029232117,0.014002555,16948.06,coinbase-btc-usd-spot,1000099,2023-01-07,570.3402487,0.056126726,0.037476869,0.07241,coinbase-doge-usd-spot,1000099,2023-01-07,0.020314514,binance-rvn-usdt-spot
1000100,2023-01-08,259304487.7,29.0097008,0.029143617,0.01403347,16942.88,coinbase-btc-usd-spot,1000100,2023-01-08,576.939382,0.056105847,0.037762863,0.07218,coinbase-doge-usd-spot,1000100,2023-01-08,0.020065986,binance-rvn-usdt-spot
1000101,2023-01-09,257609688.3,29.01848944,0.028979067,0.014096585,17125.84,coinbase-btc-usd-spot,1000101,2023-01-09,612.0247726,0.056111006,0.038418719,0.07358,coinbase-doge-usd-spot,1000101,2023-01-09,0.020775844,binance-rvn-usdt-spot
1000102,2023-01-10,286421296.7,29.01059871,0.028961824,0.014334008,17178.17,coinbase-btc-usd-spot,1000102,2023-01-10,588.1113827,0.056134899,0.038417821,0.07563,coinbase-doge-usd-spot,1000102,2023-01-10,0.02128,binance-rvn-usdt-spot
1000103,2023-01-11,249135683.5,28.98584327,0.02899545,0.014862975,17443.49,coinbase-btc-usd-spot,1000103,2023-01-11,592.7867282,0.056131608,0.038239261,0.07783,coinbase-doge-usd-spot,1000103,2023-01-11,0.021713691,binance-rvn-usdt-spot
1000104,2023-01-12,255914886.3,28.97303914,0.0292779,0.017041389,17944.27,coinbase-btc-usd-spot,1000104,2023-01-12,572.0275022,0.056154882,0.038666259,0.07812,coinbase-doge-usd-spot,1000104,2023-01-12,0.021777822,binance-rvn-usdt-spot
1000105,2023-01-13,269473292.0,28.95762808,0.029507542,0.019297662,18847.75,coinbase-btc-usd-spot,1000105,2023-01-13,600.0182673,0.056264163,0.039621455,0.08026,coinbase-doge-usd-spot,1000105,2023-01-13,0.022322232,binance-rvn-usdt-spot
1000106,2023-01-14,289810898.1,28.94532287,0.029357377,0.020673775,19934.09,coinbase-btc-usd-spot,1000106,2023-01-14,619.3460761,0.056155602,0.03929516,0.08453,coinbase-doge-usd-spot,1000106,2023-01-14,0.023582358,binance-rvn-usdt-spot
1000107,2023-01-15,281119760.7,28.93877473,0.029148564,0.018594144,20957.71,coinbase-btc-usd-spot,1000107,2023-01-15,608.5214664,0.056141522,0.03301873,0.08729,coinbase-doge-usd-spot,1000107,2023-01-15,0.025285056,binance-rvn-usdt-spot
1000108,2023-01-16,274688842.4,28.9391236,0.02916923,0.018631413,20879.7,coinbase-btc-usd-spot,1000108,2023-01-16,638.2561718,0.056175583,0.032534373,0.08609,coinbase-doge-usd-spot,1000108,2023-01-16,0.025085016,binance-rvn-usdt-spot
1000109,2023-01-17,291506526.6,28.92632595,0.029166828,0.018634331,21187.5,coinbase-btc-usd-spot,1000109,2023-01-17,619.0256759,0.056177195,0.032554695,0.08369,coinbase-doge-usd-spot,1000109,2023-01-17,0.024741237,binance-rvn-usdt-spot
1000110,2023-01-18,261608421.5,28.9159209,0.029178207,0.018698275,21134.2,coinbase-btc-usd-spot,1000110,2023-01-18,638.0268509,0.056163856,0.027030878,0.08283,coinbase-doge-usd-spot,1000110,2023-01-18,0.024293644,binance-rvn-usdt-spot
1000111,2023-01-19,270951578.9,28.90525939,0.029200028,0.018372247,20674.29,coinbase-btc-usd-spot,1000111,2023-01-19,666.2069543,0.056168625,0.025742607,0.07996,coinbase-doge-usd-spot,1000111,2023-01-19,0.02239776,binance-rvn-usdt-spot
1000112,2023-01-20,246659370.3,28.89356253,0.029698192,0.021714148,21084.23,coinbase-btc-usd-spot,1000112,2023-01-20,652.5875132,0.056326015,0.027261016,0.0816,coinbase-doge-usd-spot,1000112,2023-01-20,0.02602052,binance-rvn-usdt-spot
1000113,2023-01-21,257871158.1,28.81939386,0.02944682,0.021657584,22669.94,coinbase-btc-usd-spot,1000113,2023-01-21,649.8877861,0.056068006,0.026359351,0.08619,coinbase-doge-usd-spot,1000113,2023-01-21,0.029984497,binance-rvn-usdt-spot
1000114,2023-01-22,282163369.3,28.76332228,0.02942495,0.021695153,22789.37,coinbase-btc-usd-spot,1000114,2023-01-22,646.5458269,0.056121787,0.02706369,0.08467,coinbase-doge-usd-spot,1000114,2023-01-22,0.028884621,binance-rvn-usdt-spot
1000115,2023-01-23,295243790.1,28.75030078,0.028853688,0.021659007,22714.87,coinbase-btc-usd-spot,1000115,2023-01-23,671.9114956,0.055897402,0.027059518,0.08823,coinbase-doge-usd-spot,1000115,2023-01-23,0.028106182,binance-rvn-usdt-spot
1000116,2023-01-24,241053473.8,28.69523947,0.028713986,0.022022393,22920.29,coinbase-btc-usd-spot,1000116,2023-01-24,654.5689498,0.055996161,0.028645359,0.08852,coinbase-doge-usd-spot,1000116,2023-01-24,0.028462846,binance-rvn-usdt-spot
1000117,2023-01-25,327010528.3,28.66082592,0.028758788,0.022090852,22636.17,coinbase-btc-usd-spot,1000117,2023-01-25,677.5448709,0.056035948,0.029002401,0.08388,coinbase-doge-usd-spot,1000117,2023-01-25,0.028323398,binance-rvn-usdt-spot
1000118,2023-01-26,289637896.2,28.62248153,0.028742549,0.021908017,23061.32,coinbase-btc-usd-spot,1000118,2023-01-26,676.3498631,0.05603631,0.02852831,0.08655,coinbase-doge-usd-spot,1000118,2023-01-26,0.029024643,binance-rvn-usdt-spot
1000119,2023-01-27,287769263.2,28.58597902,0.028731588,0.021622697,23010.47,coinbase-btc-usd-spot,1000119,2023-01-27,661.9154799,0.056023815,0.026821071,0.08636,coinbase-doge-usd-spot,1000119,2023-01-27,0.0298,binance-rvn-usdt-spot
1000120,2023-01-28,313930107.5,28.53783765,0.028732153,0.021748457,23084.4,coinbase-btc-usd-spot,1000120,2023-01-28,663.6422525,0.056023949,0.026820115,0.08726,coinbase-doge-usd-spot,1000120,2023-01-28,0.029788934,binance-rvn-usdt-spot
1000121,2023-01-29,311438925.9,28.5053017,0.028819614,0.021961698,23029.07,coinbase-btc-usd-spot,1000121,2023-01-29,679.1983104,0.056027515,0.02572147,0.08777,coinbase-doge-usd-spot,1000121,2023-01-29,0.029796852,binance-rvn-usdt-spot
1000122,2023-01-30,269948141.6,28.48960938,0.028980793,0.023911925,23745.84,coinbase-btc-usd-spot,1000122,2023-01-30,672.5791955,0.056054098,0.026254133,0.09008,coinbase-doge-usd-spot,1000122,2023-01-30,0.030521221,binance-rvn-usdt-spot
1000123,2023-01-31,224956785.1,28.46732188,0.028994365,0.023895662,22836.03,coinbase-btc-usd-spot,1000123,2023-01-31,654.4032425,0.056393027,0.02985031,0.08833,coinbase-doge-usd-spot,1000123,2023-01-31,0.028021961,binance-rvn-usdt-spot
1000124,2023-02-01,267991996.9,28.43235527,0.028986458,0.024008753,23129.09,coinbase-btc-usd-spot,1000124,2023-02-01,649.9595397,0.056357737,0.030196604,0.09611,coinbase-doge-usd-spot,1000124,2023-02-01,0.028192819,binance-rvn-usdt-spot
1000125,2023-02-02,283641163.0,28.41491566,0.028983398,0.024207872,23735.97,coinbase-btc-usd-spot,1000125,2023-02-02,652.381182,0.056405631,0.030891287,0.09404,coinbase-doge-usd-spot,1000125,2023-02-02,0.029551773,binance-rvn-usdt-spot
1000126,2023-02-03,260167412.4,28.39119792,0.028979713,0.024342514,23496.0,coinbase-btc-usd-spot,1000126,2023-02-03,690.7090244,0.056423657,0.030587294,0.09102,coinbase-doge-usd-spot,1000126,2023-02-03,0.02906465,binance-rvn-usdt-spot
1000127,2023-02-04,266035849.3,28.29236038,0.028907064,0.024389845,23433.54,coinbase-btc-usd-spot,1000127,2023-02-04,686.0704135,0.056460565,0.030472352,0.09293,coinbase-doge-usd-spot,1000127,2023-02-04,0.030832158,binance-rvn-usdt-spot
1000128,2023-02-05,297334187.2,28.26228617,0.028869045,0.024922132,23340.07,binance.us-btc-usd-spot,1000128,2023-02-05,683.6863014,0.056544573,0.031909282,0.09565,coinbase-doge-usd-spot,1000128,2023-02-05,0.0309,binance-rvn-usdt-spot
1000129,2023-02-06,289509602.7,28.25112623,0.028781246,0.025096013,22956.41,binance.us-btc-usd-spot,1000129,2023-02-06,680.3750022,0.056558131,0.032604502,0.09201,coinbase-doge-usd-spot,1000129,2023-02-06,0.029777145,binance-rvn-usdt-spot
1000130,2023-02-07,277772726.0,28.18800769,0.028831921,0.025197258,22764.07,coinbase-btc-usd-spot,1000130,2023-02-07,681.5920084,0.056612668,0.03296158,0.0896,coinbase-doge-usd-spot,1000130,2023-02-07,0.029942994,binance-rvn-usdt-spot
1000131,2023-02-08,269948141.6,28.15259896,0.02881452,0.025590059,23245.95,coinbase-btc-usd-spot,1000131,2023-02-08,703.8450957,0.05663034,0.033264231,0.09256,coinbase-doge-usd-spot,1000131,2023-02-08,0.032673267,binance-rvn-usdt-spot
1000132,2023-02-09,316895645.6,28.13050192,0.029051247,0.027784388,22963.91,coinbase-btc-usd-spot,1000132,2023-02-09,701.9523548,0.057147417,0.038421041,0.09018,coinbase-doge-usd-spot,1000132,2023-02-09,0.0316,binance-rvn-usdt-spot
1000133,2023-02-10,287553455.2,28.11859566,0.029056622,0.027790743,21798.95,coinbase-btc-usd-spot,1000133,2023-02-10,662.3917277,0.056499323,0.03843752,0.08144,coinbase-doge-usd-spot,1000133,2023-02-10,0.02889,binance-rvn-usdt-spot
1000134,2023-02-11,289509602.7,28.10030207,0.029062427,0.026161025,21629.6,coinbase-btc-usd-spot,1000134,2023-02-11,711.4620306,0.056287787,0.038181736,0.0809,coinbase-doge-usd-spot,1000134,2023-02-11,0.028773165,binance-rvn-usdt-spot
1000135,2023-02-12,315851204.0,28.10713654,0.0290569,0.024669322,21863.73,coinbase-btc-usd-spot,1000135,2023-02-12,728.1178995,0.055467427,0.037022209,0.08227,coinbase-doge-usd-spot,1000135,2023-02-12,0.029182918,binance-rvn-usdt-spot
1000136,2023-02-13,303650131.0,28.11688076,0.029010108,0.022560019,21787.85,binance.us-btc-usd-spot,1000136,2023-02-13,684.9606326,0.055139212,0.03639437,0.08218,coinbase-doge-usd-spot,1000136,2023-02-13,0.028565141,binance-rvn-usdt-spot
1000137,2023-02-14,299757180.3,28.09387516,0.029044864,0.022745754,21789.14,coinbase-btc-usd-spot,1000137,2023-02-14,697.64487,0.054927254,0.036483708,0.08213,coinbase-doge-usd-spot,1000137,2023-02-14,0.027986782,binance-rvn-usdt-spot
1000138,2023-02-15,317275457.1,28.07893891,0.028743568,0.027739658,22206.27,coinbase-btc-usd-spot,1000138,2023-02-15,706.5358964,0.054618155,0.037957117,0.08361,coinbase-doge-usd-spot,1000138,2023-02-15,0.029698907,binance-rvn-usdt-spot
1000139,2023-02-16,348419062.9,28.05838863,0.028789108,0.028197845,24329.04,coinbase-btc-usd-spot,1000139,2023-02-16,670.5086365,0.054714776,0.03895654,0.08927,coinbase-doge-usd-spot,1000139,2023-02-16,0.031895102,binance-rvn-usdt-spot
1000140,2023-02-17,321168407.8,28.03395891,0.028875637,0.028334276,23516.15,coinbase-btc-usd-spot,1000140,2023-02-17,647.1757476,0.054757959,0.038783625,0.0849,coinbase-doge-usd-spot,1000140,2023-02-17,0.02985,binance-rvn-usdt-spot
1000141,2023-02-18,327007835.3,28.00652974,0.028860352,0.028259837,24581.52,coinbase-btc-usd-spot,1000141,2023-02-18,658.5945775,0.054745521,0.03879093,0.08775,coinbase-doge-usd-spot,1000141,2023-02-18,0.031575367,binance-rvn-usdt-spot
1000142,2023-02-19,315328983.2,27.98900338,0.028863736,0.025349194,24635.86,coinbase-btc-usd-spot,1000142,2023-02-19,683.5923613,0.054770695,0.037622433,0.08886,coinbase-doge-usd-spot,1000142,2023-02-19,0.03140471,binance-rvn-usdt-spot
1000143,2023-02-20,286131854.2,27.98195393,0.028887657,0.025491091,24275.9,coinbase-btc-usd-spot,1000143,2023-02-20,697.1215755,0.054765173,0.037538892,0.08704,coinbase-doge-usd-spot,1000143,2023-02-20,0.031788898,binance-rvn-usdt-spot
1000144,2023-02-21,325061358.6,27.95240278,0.028910771,0.025700178,24844.97,coinbase-btc-usd-spot,1000144,2023-02-21,703.2447814,0.05480979,0.037367896,0.0883,coinbase-doge-usd-spot,1000144,2023-02-21,0.03335,binance-rvn-usdt-spot
1000145,2023-02-22,272506528.0,27.93361908,0.028510648,0.025758397,24454.43,coinbase-btc-usd-spot,1000145,2023-02-22,692.1507412,0.054425403,0.037356908,0.08545,coinbase-doge-usd-spot,1000145,2023-02-22,0.033374672,binance-rvn-usdt-spot
1000146,2023-02-23,332847260.0,27.92748479,0.028511795,0.025694184,24184.44,coinbase-btc-usd-spot,1000146,2023-02-23,678.3507659,0.054439987,0.036138389,0.08549,coinbase-doge-usd-spot,1000146,2023-02-23,0.033841692,binance-rvn-usdt-spot
1000147,2023-02-24,262774152.6,27.88776963,0.028575249,0.026094957,23943.32,coinbase-btc-usd-spot,1000147,2023-02-24,746.8666255,0.054494725,0.036381123,0.08422,coinbase-doge-usd-spot,1000147,2023-02-24,0.034923492,binance-rvn-usdt-spot
1000148,2023-02-25,228809606.1,27.84863402,0.028492637,0.026081984,23186.89,coinbase-btc-usd-spot,1000148,2023-02-25,693.5481143,0.054461914,0.036380466,0.08092,coinbase-doge-usd-spot,1000148,2023-02-25,0.032063206,binance-rvn-usdt-spot
1000149,2023-02-26,359556659.2,27.84353108,0.028464074,0.02624581,23159.71,coinbase-btc-usd-spot,1000149,2023-02-26,696.7820682,0.054411111,0.036513897,0.08076,coinbase-doge-usd-spot,1000149,2023-02-26,0.030933402,binance-rvn-usdt-spot
1000150,2023-02-27,299630547.8,27.83941803,0.02845662,0.026241837,23553.91,coinbase-btc-usd-spot,1000150,2023-02-27,695.2073709,0.054414262,0.036515771,0.08218,coinbase-doge-usd-spot,1000150,2023-02-27,0.031913191,binance-rvn-usdt-spot
1000151,2023-02-28,293209894.2,27.79743842,0.028481355,0.025679993,23489.52,coinbase-btc-usd-spot,1000151,2023-02-28,705.4167645,0.054404443,0.036035854,0.08135,coinbase-doge-usd-spot,1000151,2023-02-28,0.03119156,binance-rvn-usdt-spot
1000152,2023-03-01,363837096.0,27.7422666,0.02850943,0.024738108,23140.5,coinbase-btc-usd-spot,1000152,2023-03-01,707.0764566,0.054403595,0.035932156,0.08086,coinbase-doge-usd-spot,1000152,2023-03-01,0.029503245,binance-rvn-usdt-spot
1000153,2023-03-02,308191421.3,27.71664795,0.028507468,0.024641781,23631.5,coinbase-btc-usd-spot,1000153,2023-03-02,677.8722096,0.054409221,0.031883493,0.08192,coinbase-doge-usd-spot,1000153,2023-03-02,0.031083419,binance-rvn-usdt-spot
1000154,2023-03-03,359556659.2,27.69787704,0.028743291,0.025756212,23468.24,coinbase-btc-usd-spot,1000154,2023-03-03,702.4516548,0.05452478,0.032697766,0.08054,coinbase-doge-usd-spot,1000154,2023-03-03,0.029662373,binance-rvn-usdt-spot
1000155,2023-03-04,325313168.3,27.66364989,0.028735764,0.025719052,22358.18,coinbase-btc-usd-spot,1000155,2023-03-04,702.8847804,0.054576935,0.032647889,0.07685,coinbase-doge-usd-spot,1000155,2023-03-04,0.027274091,binance-rvn-usdt-spot
1000156,2023-03-05,331733821.9,27.64696194,0.02849182,0.025738134,22347.86,binance.us-btc-usd-spot,1000156,2023-03-05,715.9805704,0.054385435,0.032301513,0.07467,coinbase-doge-usd-spot,1000156,2023-03-05,0.026392111,binance-rvn-usdt-spot
1000157,2023-03-06,282508803.9,27.65141246,0.028442137,0.025735156,22432.69,coinbase-btc-usd-spot,1000157,2023-03-06,693.4742239,0.054324514,0.031443103,0.07477,coinbase-doge-usd-spot,1000157,2023-03-06,0.02604,binance-rvn-usdt-spot
1000158,2023-03-07,353136002.5,27.64537519,0.028455244,0.025625266,22410.31,coinbase-btc-usd-spot,1000158,2023-03-07,690.6494313,0.054332812,0.030800881,0.07478,coinbase-doge-usd-spot,1000158,2023-03-07,0.026007399,binance-rvn-usdt-spot
1000159,2023-03-08,284649020.7,27.64005391,0.027502141,0.025856908,22198.48,coinbase-btc-usd-spot,1000159,2023-03-08,686.0088149,0.054295663,0.030990262,0.07407,coinbase-doge-usd-spot,1000159,2023-03-08,0.025377462,binance-rvn-usdt-spot
1000160,2023-03-09,288929457.5,27.60879212,0.027890036,0.027845859,21698.37,coinbase-btc-usd-spot,1000160,2023-03-09,709.0358672,0.054603068,0.032502241,0.07113,coinbase-doge-usd-spot,1000160,2023-03-09,0.023905935,binance-rvn-usdt-spot
1000161,2023-03-10,291688415.6,27.59602569,0.027892412,0.027785689,20367.01,coinbase-btc-usd-spot,1000161,2023-03-10,703.3599755,0.054582281,0.032469956,0.066,coinbase-doge-usd-spot,1000161,2023-03-10,0.022230222,binance-rvn-usdt-spot
1000162,2023-03-11,357219694.9,27.58700614,0.02783752,0.02663954,20230.09,coinbase-btc-usd-spot,1000162,2023-03-11,713.3443731,0.054583528,0.027605209,0.06598,coinbase-doge-usd-spot,1000162,2023-03-11,0.022508505,binance-rvn-usdt-spot
1000163,2023-03-12,348559825.9,27.58426467,0.027238483,0.029607508,20619.11,coinbase-btc-usd-spot,1000163,2023-03-12,699.7636058,0.054544988,0.030533863,0.06659,coinbase-doge-usd-spot,1000163,2023-03-12,0.022342926,binance-rvn-usdt-spot
1000164,2023-03-13,339899953.8,27.59876876,0.028050224,0.033813013,22219.32,coinbase-btc-usd-spot,1000164,2023-03-13,710.8379448,0.054555172,0.030924333,0.07101,coinbase-doge-usd-spot,1000164,2023-03-13,0.02427834,binance-rvn-usdt-spot
1000165,2023-03-14,316085307.0,27.59977545,0.028025873,0.034011016,24219.64,coinbase-btc-usd-spot,1000165,2023-03-14,736.3501912,0.054499175,0.031361398,0.0731,coinbase-doge-usd-spot,1000165,2023-03-14,0.02567502,binance-rvn-usdt-spot
1000166,2023-03-15,318250273.5,27.59343153,0.028050746,0.034182771,24765.13,coinbase-btc-usd-spot,1000166,2023-03-15,684.0008731,0.054719739,0.033590919,0.07481,coinbase-doge-usd-spot,1000166,2023-03-15,0.028092723,binance-rvn-usdt-spot
1000167,2023-03-16,290105693.8,27.57007581,0.028078484,0.034301788,24377.16,coinbase-btc-usd-spot,1000167,2023-03-16,706.9868311,0.054746945,0.034258251,0.06994,coinbase-doge-usd-spot,1000167,2023-03-16,0.025644535,binance-rvn-usdt-spot
1000168,2023-03-17,318250273.5,27.56710071,0.028746611,0.034494675,25051.77,coinbase-btc-usd-spot,1000168,2023-03-17,700.5556359,0.054582026,0.033684325,0.07269,coinbase-doge-usd-spot,1000168,2023-03-17,0.025651712,binance-rvn-usdt-spot
1000169,2023-03-18,350724792.4,27.54883474,0.028779137,0.034340125,27453.62,coinbase-btc-usd-spot,1000169,2023-03-18,732.6204458,0.054676595,0.033640541,0.07658,coinbase-doge-usd-spot,1000169,2023-03-18,0.028024028,binance-rvn-usdt-spot
1000170,2023-03-19,320415243.1,27.54549512,0.028808454,0.034611815,26980.35,coinbase-btc-usd-spot,1000170,2023-03-19,728.3088067,0.054707857,0.033519821,0.07312,coinbase-doge-usd-spot,1000170,2023-03-19,0.027157449,binance-rvn-usdt-spot
1000171,2023-03-20,333405048.1,27.55157673,0.028783354,0.034747712,28054.46,coinbase-btc-usd-spot,1000171,2023-03-20,686.4239102,0.054810543,0.034211152,0.07473,coinbase-doge-usd-spot,1000171,2023-03-20,0.027512016,binance-rvn-usdt-spot
1000172,2023-03-21,313920337.5,27.53533672,0.028589408,0.034658014,27823.32,coinbase-btc-usd-spot,1000172,2023-03-21,742.7378488,0.054969359,0.036844956,0.07163,coinbase-doge-usd-spot,1000172,2023-03-21,0.026327313,binance-rvn-usdt-spot
1000173,2023-03-22,344229889.8,27.51747056,0.028684807,0.035139184,28207.33,coinbase-btc-usd-spot,1000173,2023-03-22,660.1566997,0.054849808,0.037196464,0.07683,coinbase-doge-usd-spot,1000173,2023-03-22,0.02757357,binance-rvn-usdt-spot
1000174,2023-03-23,398970829.7,27.50401085,0.028755172,0.035482665,27325.15,coinbase-btc-usd-spot,1000174,2023-03-23,682.3823774,0.054950344,0.038011555,0.07407,coinbase-doge-usd-spot,1000174,2023-03-23,0.025875461,binance-rvn-usdt-spot
1000175,2023-03-24,377232885.5,27.47711931,0.02886759,0.036069058,28352.95,coinbase-btc-usd-spot,1000175,2023-03-24,703.1867698,0.054961914,0.0385037,0.07748,coinbase-doge-usd-spot,1000175,2023-03-24,0.026869524,binance-rvn-usdt-spot
1000176,2023-03-25,337646717.0,27.43315379,0.02883118,0.03596721,27489.24,coinbase-btc-usd-spot,1000176,2023-03-25,703.8785903,0.054966517,0.038459307,0.07466,coinbase-doge-usd-spot,1000176,2023-03-25,0.026005839,binance-rvn-usdt-spot
1000177,2023-03-26,335318120.4,27.42236653,0.02885824,0.035420873,27494.84,binance.us-btc-usd-spot,1000177,2023-03-26,723.939768,0.054965281,0.037919468,0.07412,coinbase-doge-usd-spot,1000177,2023-03-26,0.025530153,binance-rvn-usdt-spot
1000178,2023-03-27,344632513.4,27.41214473,0.028947647,0.036105296,27992.9,coinbase-btc-usd-spot,1000178,2023-03-27,730.0642285,0.054996004,0.038108953,0.07442,coinbase-doge-usd-spot,1000178,2023-03-27,0.025952041,binance-rvn-usdt-spot
1000179,2023-03-28,312032141.3,27.37276816,0.028947821,0.03604476,27142.87,coinbase-btc-usd-spot,1000179,2023-03-28,666.7809068,0.055005031,0.038036939,0.0729,coinbase-doge-usd-spot,1000179,2023-03-28,0.024400244,binance-rvn-usdt-spot
1000180,2023-03-29,342303913.5,27.34760669,0.029079621,0.036572428,27274.15,coinbase-btc-usd-spot,1000180,2023-03-29,742.8530567,0.055020859,0.038376961,0.07385,coinbase-doge-usd-spot,1000180,2023-03-29,0.024628617,binance-rvn-usdt-spot
1000181,2023-03-30,360932699.5,27.32322831,0.029094727,0.036527469,28358.35,coinbase-btc-usd-spot,1000181,2023-03-30,683.7146912,0.055025868,0.038522886,0.07558,coinbase-doge-usd-spot,1000181,2023-03-30,0.026094696,binance-rvn-usdt-spot
1000182,2023-03-31,328332327.4,27.29542642,0.029087299,0.036499131,28035.45,coinbase-btc-usd-spot,1000182,2023-03-31,704.0109431,0.055073373,0.039230244,0.07422,coinbase-doge-usd-spot,1000182,2023-03-31,0.025770515,binance-rvn-usdt-spot
1000183,2023-04-01,326003727.5,27.2563809,0.029002511,0.036450726,28475.15,coinbase-btc-usd-spot,1000183,2023-04-01,690.7361758,0.055224016,0.040651051,0.07698,coinbase-doge-usd-spot,1000183,2023-04-01,0.025889576,binance-rvn-usdt-spot
1000184,2023-04-02,346961110.0,27.23850333,0.02891285,0.035111524,28471.46,coinbase-btc-usd-spot,1000184,2023-04-02,689.290386,0.054902905,0.040275457,0.08186,coinbase-doge-usd-spot,1000184,2023-04-02,0.026451105,binance-rvn-usdt-spot
1000185,2023-04-03,305046344.9,27.23371478,0.028917398,0.035248478,28188.34,coinbase-btc-usd-spot,1000185,2023-04-03,668.5744644,0.056667935,0.05263915,0.07906,coinbase-doge-usd-spot,1000185,2023-04-03,0.025574603,binance-rvn-usdt-spot
1000186,2023-04-04,377232885.5,27.23210632,0.028908868,0.035243891,27811.77,coinbase-btc-usd-spot,1000186,2023-04-04,685.3542558,0.056651925,0.052712441,0.09608,coinbase-doge-usd-spot,1000186,2023-04-04,0.02572643,binance-rvn-usdt-spot
1000187,2023-04-05,323675130.9,27.22570028,0.028858614,0.035225616,28179.64,coinbase-btc-usd-spot,1000187,2023-04-05,708.9311925,0.056656185,0.052941959,0.09516,coinbase-doge-usd-spot,1000187,2023-04-05,0.027111924,binance-rvn-usdt-spot
1000188,2023-04-06,375586794.9,27.19001014,0.028856688,0.035137593,28174.91,coinbase-btc-usd-spot,1000188,2023-04-06,701.6711112,0.057028136,0.055529509,0.09271,coinbase-doge-usd-spot,1000188,2023-04-06,0.02663,binance-rvn-usdt-spot
1000189,2023-04-07,338032941.8,27.1445356,0.02886003,0.034775182,28053.46,coinbase-btc-usd-spot,1000189,2023-04-07,727.1041472,0.057096621,0.055510763,0.08546,coinbase-doge-usd-spot,1000189,2023-04-07,0.026263125,binance-rvn-usdt-spot
1000190,2023-04-08,349935509.4,27.08974725,0.028834539,0.031999345,27931.94,coinbase-btc-usd-spot,1000190,2023-04-08,724.4800859,0.057018207,0.053351886,0.08232,coinbase-doge-usd-spot,1000190,2023-04-08,0.025606122,binance-rvn-usdt-spot
1000191,2023-04-09,347554997.3,27.07815475,0.028841592,0.031860798,27958.8,coinbase-btc-usd-spot,1000191,2023-04-09,755.8684935,0.057036857,0.053422048,0.08141,coinbase-doge-usd-spot,1000191,2023-04-09,0.025573036,binance-rvn-usdt-spot
1000192,2023-04-10,292803183.4,27.06890613,0.029022881,0.032469872,28340.99,coinbase-btc-usd-spot,1000192,2023-04-10,720.3594623,0.0570509,0.053471323,0.08323,coinbase-doge-usd-spot,1000192,2023-04-10,0.025795468,binance-rvn-usdt-spot
1000193,2023-04-11,366599104.8,27.01151078,0.029039455,0.030654835,29660.41,coinbase-btc-usd-spot,1000193,2023-04-11,718.0204198,0.05705765,0.052494012,0.08483,coinbase-doge-usd-spot,1000193,2023-04-11,0.026267063,binance-rvn-usdt-spot
1000194,2023-04-12,380882188.0,26.9633803,0.029039996,0.026902496,30227.19,coinbase-btc-usd-spot,1000194,2023-04-12,678.0470854,0.057043586,0.05235259,0.08418,coinbase-doge-usd-spot,1000194,2023-04-12,0.025975431,binance-rvn-usdt-spot
1000195,2023-04-13,338032941.8,26.8772785,0.029049002,0.026733901,29912.2,coinbase-btc-usd-spot,1000195,2023-04-13,694.3186181,0.057138484,0.052785274,0.08352,coinbase-doge-usd-spot,1000195,2023-04-13,0.026109396,binance-rvn-usdt-spot
1000196,2023-04-14,333271914.1,26.80736539,0.029043681,0.026440005,30406.78,coinbase-btc-usd-spot,1000196,2023-04-14,689.0025471,0.057145339,0.05088998,0.08739,coinbase-doge-usd-spot,1000196,2023-04-14,0.026587357,binance-rvn-usdt-spot
1000197,2023-04-15,376121160.2,26.76654418,0.029031981,0.026285925,30492.92,coinbase-btc-usd-spot,1000197,2023-04-15,746.6944074,0.057135022,0.050588887,0.08874,coinbase-doge-usd-spot,1000197,2023-04-15,0.027286715,binance-rvn-usdt-spot
1000198,2023-04-16,295183695.6,26.74711531,0.029015431,0.020772945,30324.11,coinbase-btc-usd-spot,1000198,2023-04-16,735.8713494,0.057143208,0.049771409,0.08897,coinbase-doge-usd-spot,1000198,2023-04-16,0.026973177,binance-rvn-usdt-spot
1000199,2023-04-17,368979620.4,26.75297508,0.029088778,0.021244053,30329.29,coinbase-btc-usd-spot,1000199,2023-04-17,728.1883069,0.057123471,0.048838456,0.09048,coinbase-doge-usd-spot,1000199,2023-04-17,0.027751907,binance-rvn-usdt-spot
1000200,2023-04-18,395165271.2,26.67692524,0.029155659,0.020485167,29449.91,coinbase-btc-usd-spot,1000200,2023-04-18,675.3632535,0.057147926,0.048843069,0.0914,coinbase-doge-usd-spot,1000200,2023-04-18,0.026827158,binance-rvn-usdt-spot
1000201,2023-04-19,330891401.9,26.63175853,0.029447117,0.022726265,30393.35,coinbase-btc-usd-spot,1000201,2023-04-19,690.3058859,0.057420564,0.049972288,0.09416,coinbase-doge-usd-spot,1000201,2023-04-19,0.027331474,binance-rvn-usdt-spot
1000202,2023-04-20,319518832.8,26.58826843,0.0294902,0.02292108,28810.21,coinbase-btc-usd-spot,1000202,2023-04-20,710.5233961,0.057519271,0.049298487,0.08792,coinbase-doge-usd-spot,1000202,2023-04-20,0.025120546,binance-rvn-usdt-spot
1000203,2023-04-21,351118489.4,26.48919166,0.029590838,0.023143042,28245.28,coinbase-btc-usd-spot,1000203,2023-04-21,733.6131198,0.057729634,0.050325852,0.08391,coinbase-doge-usd-spot,1000203,2023-04-21,0.02434146,binance-rvn-usdt-spot
1000204,2023-04-22,360804517.5,26.35367605,0.029602665,0.022350276,27253.85,coinbase-btc-usd-spot,1000204,2023-04-22,743.1702516,0.057741499,0.049832474,0.07848,coinbase-doge-usd-spot,1000204,2023-04-22,0.023224425,binance-rvn-usdt-spot
1000205,2023-04-23,355961503.5,26.27928915,0.029487238,0.021551163,27818.61,coinbase-btc-usd-spot,1000205,2023-04-23,709.675069,0.057625206,0.049457565,0.08031,coinbase-doge-usd-spot,1000205,2023-04-23,0.023861909,binance-rvn-usdt-spot
1000206,2023-04-24,341432464.8,26.19325244,0.029388011,0.021558686,27592.71,coinbase-btc-usd-spot,1000206,2023-04-24,705.8297633,0.056628474,0.049418987,0.07882,coinbase-doge-usd-spot,1000206,2023-04-24,0.023210928,binance-rvn-usdt-spot
1000207,2023-04-25,302688355.8,25.96149962,0.029385292,0.021857373,27515.05,coinbase-btc-usd-spot,1000207,2023-04-25,703.3381025,0.056440513,0.049454586,0.07878,coinbase-doge-usd-spot,1000207,2023-04-25,0.023382104,binance-rvn-usdt-spot
1000208,2023-04-26,314795889.2,25.7837332,0.029366614,0.020968031,28304.42,coinbase-btc-usd-spot,1000208,2023-04-26,691.4487844,0.056045856,0.049349456,0.07977,coinbase-doge-usd-spot,1000208,2023-04-26,0.024022882,binance-rvn-usdt-spot
1000209,2023-04-27,314795889.2,25.59461743,0.029480736,0.021966748,28426.08,coinbase-btc-usd-spot,1000209,2023-04-27,688.1954325,0.049652886,0.049413877,0.07864,coinbase-doge-usd-spot,1000209,2023-04-27,0.02380952,binance-rvn-usdt-spot
1000210,2023-04-28,355961503.5,25.38975554,0.029472539,0.020837603,29483.72,coinbase-btc-usd-spot,1000210,2023-04-28,669.2213895,0.049632512,0.049225781,0.08016,coinbase-doge-usd-spot,1000210,2023-04-28,0.024207986,binance-rvn-usdt-spot
1000211,2023-04-29,331746436.7,25.26534194,0.029470197,0.020694698,29338.63,coinbase-btc-usd-spot,1000211,2023-04-29,705.8099596,0.049276413,0.049080442,0.08038,coinbase-doge-usd-spot,1000211,2023-04-29,0.023852158,binance-rvn-usdt-spot
1000212,2023-04-30,358383012.2,25.20737106,0.029470435,0.020484283,29248.18,coinbase-btc-usd-spot,1000212,2023-04-30,702.8174904,0.048460611,0.048732773,0.08159,coinbase-doge-usd-spot,1000212,2023-04-30,0.024114219,binance-rvn-usdt-spot
1000213,2023-05-01,440714244.2,25.14774195,0.029632476,0.022030119,29241.44,coinbase-btc-usd-spot,1000213,2023-05-01,709.8404999,0.047826857,0.047534795,0.07947,coinbase-doge-usd-spot,1000213,2023-05-01,0.023791652,binance-rvn-usdt-spot
1000214,2023-05-02,312374380.5,25.03735752,0.029664228,0.022238416,28074.1,kraken-btc-usd-spot,1000214,2023-05-02,671.6375959,0.047724236,0.04707332,0.07884,coinbase-doge-usd-spot,1000214,2023-05-02,0.023113929,binance-rvn-usdt-spot
1000215,2023-05-03,341432464.8,24.94148541,0.029487143,0.022223081,28684.4,coinbase-btc-usd-spot,1000215,2023-05-03,654.2901757,0.047671957,0.030448855,0.07881,coinbase-doge-usd-spot,1000215,2023-05-03,0.023170654,binance-rvn-usdt-spot
1000216,2023-05-04,351712781.6,24.81290818,0.029491917,0.022215716,29071.82,binance.us-btc-usd-spot,1000216,2023-05-04,708.5253704,0.047676901,0.030516763,0.07963,coinbase-doge-usd-spot,1000216,2023-05-04,0.023365606,binance-rvn-usdt-spot
1000217,2023-05-05,283977798.9,24.5473861,0.029508216,0.022608678,28857.23,coinbase-btc-usd-spot,1000217,2023-05-05,713.708371,0.047337773,0.030929489,0.07842,coinbase-doge-usd-spot,1000217,2023-05-05,0.022900758,binance-rvn-usdt-spot
1000218,2023-05-06,355568839.3,24.3018634,0.029525602,0.023001318,29537.48,coinbase-btc-usd-spot,1000218,2023-05-06,676.1742368,0.047386666,0.027968206,0.0803921,kraken-doge-usd-spot,1000218,2023-05-06,0.02322436,binance-rvn-usdt-spot
1000219,2023-05-07,331705160.3,24.20554069,0.028425988,0.023007495,28902.66,coinbase-btc-usd-spot,1000219,2023-05-07,676.7038819,0.04417817,0.027298654,0.0769,coinbase-doge-usd-spot,1000219,2023-05-07,0.022218593,binance-rvn-usdt-spot
1000220,2023-05-08,326932423.8,24.06557663,0.025804219,0.024009734,28472.68,coinbase-btc-usd-spot,1000220,2023-05-08,619.8157602,0.042395752,0.029220099,0.07665,coinbase-doge-usd-spot,1000220,2023-05-08,0.022050388,binance-rvn-usdt-spot
1000221,2023-05-09,360341575.8,23.78772265,0.024600666,0.023861731,27695.06,coinbase-btc-usd-spot,1000221,2023-05-09,649.4338858,0.03983392,0.028884117,0.07248,coinbase-doge-usd-spot,1000221,2023-05-09,0.020787447,binance-rvn-usdt-spot
1000222,2023-05-10,405682570.8,23.56053366,0.024429042,0.022178465,27647.29,coinbase-btc-usd-spot,1000222,2023-05-10,698.519485,0.039590527,0.028523411,0.07317,coinbase-doge-usd-spot,1000222,2023-05-10,0.021131616,binance-rvn-usdt-spot
1000223,2023-05-11,360341575.8,23.42245906,0.024496633,0.022155274,27624.08,coinbase-btc-usd-spot,1000223,2023-05-11,659.7415698,0.03946438,0.028590257,0.07317,coinbase-doge-usd-spot,1000223,2023-05-11,0.021436708,binance-rvn-usdt-spot
1000224,2023-05-12,336477896.8,23.1174468,0.024407109,0.022126674,26986.56,coinbase-btc-usd-spot,1000224,2023-05-12,652.5245091,0.039344306,0.028654344,0.07197,coinbase-doge-usd-spot,1000224,2023-05-12,0.020668884,binance-rvn-usdt-spot
1000225,2023-05-13,346023366.4,22.90688839,0.024377613,0.02187345,26808.84,coinbase-btc-usd-spot,1000225,2023-05-13,728.5205606,0.039317341,0.026994532,0.072385452,binance-doge-usdt-spot,1000225,2023-05-13,0.020579874,binance-rvn-usdt-spot
1000226,2023-05-14,415228040.3,22.78742803,0.024364062,0.021873024,26789.48,coinbase-btc-usd-spot,1000226,2023-05-14,682.5093276,0.039311477,0.026755742,0.071705118,binance-doge-usdt-spot,1000226,2023-05-14,0.02054006,binance-rvn-usdt-spot
1000227,2023-05-15,350796102.9,22.74899446,0.024349512,0.022060043,26931.76,coinbase-btc-usd-spot,1000227,2023-05-15,689.617104,0.039298109,0.026723801,0.071993102,binance-doge-usdt-spot,1000227,2023-05-15,0.021336186,binance-rvn-usdt-spot
1000228,2023-05-16,365114312.3,22.68226212,0.024361311,0.02206584,27169.0,coinbase-btc-usd-spot,1000228,2023-05-16,683.8210925,0.039296327,0.026530917,0.071927258,binance-doge-usdt-spot,1000228,2023-05-16,0.021695206,binance-rvn-usdt-spot
1000229,2023-05-17,381818888.3,22.62590267,0.024373917,0.021795868,27037.68,coinbase-btc-usd-spot,1000229,2023-05-17,715.6961731,0.039365494,0.027229501,0.072759458,binance-doge-usdt-spot,1000229,2023-05-17,0.022162881,binance-rvn-usdt-spot
1000230,2023-05-18,345151895.6,22.57035627,0.024435839,0.021147619,27407.77,coinbase-btc-usd-spot,1000230,2023-05-18,692.0215237,0.039387336,0.026540273,0.074835238,binance-doge-usdt-spot,1000230,2023-05-18,0.022271559,binance-rvn-usdt-spot
1000231,2023-05-19,369469366.9,22.53321714,0.024332929,0.0190321,26820.49,coinbase-btc-usd-spot,1000231,2023-05-19,673.3376198,0.038799159,0.023614075,0.073439266,binance-doge-usdt-spot,1000231,2023-05-19,0.021849782,binance-rvn-usdt-spot
1000232,2023-05-20,322669912.0,22.48154438,0.024216538,0.018845017,26890.27,coinbase-btc-usd-spot,1000232,2023-05-20,711.3526581,0.038726647,0.022555218,0.073515435,binance-doge-usdt-spot,1000232,2023-05-20,0.02195461,binance-rvn-usdt-spot
1000233,2023-05-21,371932494.5,22.46834402,0.024187307,0.017903535,27113.61,coinbase-btc-usd-spot,1000233,2023-05-21,725.7592976,0.03857751,0.019718302,0.073635764,binance-doge-usdt-spot,1000233,2023-05-21,0.022087728,binance-rvn-usdt-spot
1000234,2023-05-22,354690591.1,22.45652014,0.024132569,0.017515964,26752.65,coinbase-btc-usd-spot,1000234,2023-05-22,709.8245158,0.03845414,0.019239136,0.072141636,binance-doge-usdt-spot,1000234,2023-05-22,0.021716513,binance-rvn-usdt-spot
1000235,2023-05-23,379321880.6,22.4345046,0.024145769,0.01766902,26854.73,coinbase-btc-usd-spot,1000235,2023-05-23,677.6316762,0.038453027,0.019004587,0.072924582,binance-doge-usdt-spot,1000235,2023-05-23,0.021724778,binance-rvn-usdt-spot
1000236,2023-05-24,347301205.0,22.38452027,0.024288377,0.018643392,27223.22,coinbase-btc-usd-spot,1000236,2023-05-24,684.707806,0.03784436,0.019606597,0.072884169,binance-doge-usdt-spot,1000236,2023-05-24,0.021818254,binance-rvn-usdt-spot
1000237,2023-05-25,371932494.5,22.35677358,0.0242835,0.017850054,26321.4,coinbase-btc-usd-spot,1000237,2023-05-25,682.6287513,0.037843338,0.019373825,0.070635055,binance-doge-usdt-spot,1000237,2023-05-25,0.02099853,binance-rvn-usdt-spot
1000238,2023-05-26,376858753.1,22.31963442,0.024286536,0.017941952,26479.06,coinbase-btc-usd-spot,1000238,2023-05-26,715.3327475,0.036848987,0.019243674,0.070875038,binance-doge-usdt-spot,1000238,2023-05-26,0.020848749,binance-rvn-usdt-spot
1000239,2023-05-27,357153718.7,22.26579918,0.024256008,0.016397403,26714.86,coinbase-btc-usd-spot,1000239,2023-05-27,729.57498,0.03674739,0.019487131,0.070991291,binance-doge-usdt-spot,1000239,2023-05-27,0.020756433,binance-rvn-usdt-spot
1000240,2023-05-28,394100656.4,22.25023255,0.024447347,0.018618577,26867.99,coinbase-btc-usd-spot,1000240,2023-05-28,720.8001865,0.036374149,0.019640972,0.072577569,binance-doge-usdt-spot,1000240,2023-05-28,0.021037781,binance-rvn-usdt-spot
1000241,2023-05-29,399026915.0,22.24942278,0.024280972,0.018709592,28070.04,coinbase-btc-usd-spot,1000241,2023-05-29,729.8746444,0.03614702,0.019367986,0.073536174,binance-doge-usdt-spot,1000241,2023-05-29,0.021954829,binance-rvn-usdt-spot
1000242,2023-05-30,379321880.6,22.24170234,0.024256354,0.018669232,27744.82,coinbase-btc-usd-spot,1000242,2023-05-30,666.7756596,0.035922174,0.019159068,0.07315267,binance-doge-usdt-spot,1000242,2023-05-30,0.021486659,binance-rvn-usdt-spot
1000243,2023-05-31,350148490.6,22.19596985,0.024303664,0.017245527,27700.15,coinbase-btc-usd-spot,1000243,2023-05-31,729.0150354,0.035923815,0.019112732,0.072317231,binance-doge-usdt-spot,1000243,2023-05-31,0.021462146,binance-rvn-usdt-spot
1000244,2023-06-01,336187210.7,22.15150626,0.024318084,0.016927141,27223.08,coinbase-btc-usd-spot,1000244,2023-06-01,699.461653,0.035894852,0.019103678,0.071667196,binance-doge-usdt-spot,1000244,2023-06-01,0.020684963,binance-rvn-usdt-spot
1000245,2023-06-02,417687139.5,22.12243559,0.024325834,0.017046632,26828.42,coinbase-btc-usd-spot,1000245,2023-06-02,723.2478516,0.035756052,0.019191123,0.071425,binance-doge-usdt-spot,1000245,2023-06-02,0.020428366,binance-rvn-usdt-spot
1000246,2023-06-03,331093464.7,22.08862781,0.024318726,0.017046073,27250.69,coinbase-btc-usd-spot,1000246,2023-06-03,699.4653252,0.035700791,0.01902007,0.072583219,binance-doge-usdt-spot,1000246,2023-06-03,0.021066739,binance-rvn-usdt-spot
1000247,2023-06-04,376937175.1,22.08102447,0.024317056,0.016359808,27077.6,coinbase-btc-usd-spot,1000247,2023-06-04,723.4188284,0.035693001,0.01831428,0.072722537,binance-doge-usdt-spot,1000247,2023-06-04,0.020706624,binance-rvn-usdt-spot
1000248,2023-06-05,351468445.1,22.09047771,0.024626245,0.018341051,27121.57,coinbase-btc-usd-spot,1000248,2023-06-05,683.6037004,0.036104038,0.022583453,0.072501744,binance-doge-usdt-spot,1000248,2023-06-05,0.020846044,binance-rvn-usdt-spot
1000249,2023-06-06,384577792.3,22.08593726,0.024879601,0.021146999,25740.44,coinbase-btc-usd-spot,1000249,2023-06-06,710.8890211,0.036284035,0.025098721,0.066412616,binance-doge-usdt-spot,1000249,2023-06-06,0.019083625,binance-rvn-usdt-spot
1000250,2023-06-07,343827827.9,22.05671425,0.025010484,0.020932718,27244.15,coinbase-btc-usd-spot,1000250,2023-06-07,674.9510323,0.036407193,0.024098912,0.070268968,binance-doge-usdt-spot,1000250,2023-06-07,0.019645499,binance-rvn-usdt-spot
1000251,2023-06-08,392218409.4,22.03902189,0.025011649,0.020989354,26346.41,coinbase-btc-usd-spot,1000251,2023-06-08,705.7402694,0.036418404,0.024125002,0.067287401,binance-doge-usdt-spot,1000251,2023-06-08,0.018302013,binance-rvn-usdt-spot
1000252,2023-06-09,430421502.7,22.02238766,0.025011821,0.020987613,26508.32,coinbase-btc-usd-spot,1000252,2023-06-09,715.6258507,0.036356145,0.024532082,0.067972233,binance-doge-usdt-spot,1000252,2023-06-09,0.018793382,binance-rvn-usdt-spot
1000253,2023-06-10,392218409.4,21.98038269,0.025083297,0.020953328,26482.81,coinbase-btc-usd-spot,1000253,2023-06-10,737.7180426,0.037285114,0.032073509,0.069468611,binance-doge-usdt-spot,1000253,2023-06-10,0.018919622,binance-rvn-usdt-spot
1000254,2023-06-11,415140264.6,21.9754693,0.024976363,0.020923878,25854.75,coinbase-btc-usd-spot,1000254,2023-06-11,694.4130473,0.037276016,0.032010564,0.061777788,binance-doge-usdt-spot,1000254,2023-06-11,0.017098032,binance-rvn-usdt-spot
1000255,2023-06-12,399859030.3,21.96108712,0.024976849,0.020913794,25937.02,coinbase-btc-usd-spot,1000255,2023-06-12,640.9153023,0.03722314,0.032020509,0.061532759,binance-doge-usdt-spot,1000255,2023-06-12,0.0167567,binance-rvn-usdt-spot
1000256,2023-06-13,374390300.3,21.73306655,0.024886014,0.020899946,25904.94,coinbase-btc-usd-spot,1000256,2023-06-13,687.8257383,0.037085067,0.032022898,0.061431229,binance-doge-usdt-spot,1000256,2023-06-13,0.016450658,binance-rvn-usdt-spot
1000257,2023-06-14,312665624.1,21.31854808,0.024773114,0.021421406,25930.23,coinbase-btc-usd-spot,1000257,2023-06-14,716.7451598,0.036162068,0.03212189,0.061737033,binance-doge-usdt-spot,1000257,2023-06-14,0.01642655,binance-rvn-usdt-spot
1000258,2023-06-15,385148461.0,20.88166624,0.024794834,0.021735191,25124.7,coinbase-btc-usd-spot,1000258,2023-06-15,675.7240257,0.0360037,0.03232197,0.060369735,binance-doge-usdt-spot,1000258,2023-06-15,0.017417039,binance-rvn-usdt-spot
1000259,2023-06-16,398160232.5,20.50709421,0.024878424,0.022320468,25569.99,coinbase-btc-usd-spot,1000259,2023-06-16,724.7395199,0.036014157,0.031753657,0.06146847,binance-doge-usdt-spot,1000259,2023-06-16,0.01712286,binance-rvn-usdt-spot
1000260,2023-06-17,364329623.6,20.18759555,0.024816912,0.022065926,26329.6,coinbase-btc-usd-spot,1000260,2023-06-17,709.7492069,0.035229023,0.031699286,0.062146467,binance-doge-usdt-spot,1000260,2023-06-17,0.017068044,binance-rvn-usdt-spot
1000261,2023-06-18,392955523.1,19.87987388,0.024748486,0.022085722,26506.56,coinbase-btc-usd-spot,1000261,2023-06-18,736.0049733,0.035030524,0.031692116,0.062170766,binance-doge-usdt-spot,1000261,2023-06-18,0.017231897,binance-rvn-usdt-spot
1000262,2023-06-19,369534333.0,19.73685736,0.024760627,0.022243062,26336.46,coinbase-btc-usd-spot,1000262,2023-06-19,725.1360378,0.035005771,0.031718509,0.062102606,binance-doge-usdt-spot,1000262,2023-06-19,0.016875105,binance-rvn-usdt-spot
1000263,2023-06-20,353920205.0,19.58989544,0.025071903,0.024341294,26837.78,coinbase-btc-usd-spot,1000263,2023-06-20,711.4313525,0.034831446,0.031733358,0.062428767,binance-doge-usdt-spot,1000263,2023-06-20,0.017183984,binance-rvn-usdt-spot
1000264,2023-06-21,314884890.6,19.46811697,0.025446034,0.02666531,28320.43,coinbase-btc-usd-spot,1000264,2023-06-21,741.5077064,0.034988184,0.032807565,0.063143257,binance-doge-usdt-spot,1000264,2023-06-21,0.017613874,binance-rvn-usdt-spot
1000265,2023-06-22,356522561.5,19.39335229,0.025453265,0.026644488,29998.01,coinbase-btc-usd-spot,1000265,2023-06-22,763.8009228,0.034983189,0.032808382,0.065611312,binance-doge-usdt-spot,1000265,2023-06-22,0.018460369,binance-rvn-usdt-spot
1000266,2023-06-23,325294309.2,19.3196358,0.025492652,0.025964003,29886.31,coinbase-btc-usd-spot,1000266,2023-06-23,765.4570235,0.03505287,0.033220196,0.065562622,binance-doge-usdt-spot,1000266,2023-06-23,0.018190546,binance-rvn-usdt-spot
1000267,2023-06-24,379943751.7,19.20351825,0.025496908,0.026004371,30707.61,coinbase-btc-usd-spot,1000267,2023-06-24,722.8715806,0.035084307,0.033408599,0.06827162,binance-doge-usdt-spot,1000267,2023-06-24,0.01901178,binance-rvn-usdt-spot
1000268,2023-06-25,398160232.5,19.16749459,0.025479053,0.026026929,30547.19,coinbase-btc-usd-spot,1000268,2023-06-25,764.8299445,0.035039163,0.033404379,0.06673,coinbase-doge-usd-spot,1000268,2023-06-25,0.019551333,binance-rvn-usdt-spot
1000269,2023-06-26,379943751.7,19.15163767,0.025471807,0.026108589,30480.24,coinbase-btc-usd-spot,1000269,2023-06-26,764.0262177,0.034947608,0.033388451,0.066743352,binance-doge-usdt-spot,1000269,2023-06-26,0.020087028,binance-rvn-usdt-spot
1000270,2023-06-27,364329623.6,19.06538528,0.025482454,0.024997849,30272.18,coinbase-btc-usd-spot,1000270,2023-06-27,739.7448444,0.034953606,0.033405457,0.064752948,binance-doge-usdt-spot,1000270,2023-06-27,0.01920384,binance-rvn-usdt-spot
1000271,2023-06-28,280122385.0,18.97106437,0.025531497,0.025162081,30697.4,coinbase-btc-usd-spot,1000271,2023-06-28,739.9159859,0.034998851,0.034224302,0.06559,coinbase-doge-usd-spot,1000271,2023-06-28,0.019230962,binance-rvn-usdt-spot
1000272,2023-06-29,367574940.7,18.85646716,0.025533033,0.025199888,30074.94,coinbase-btc-usd-spot,1000272,2023-06-29,761.1249649,0.034951556,0.034365301,0.062563743,binance-doge-usdt-spot,1000272,2023-06-29,0.018138186,binance-rvn-usdt-spot
1000273,2023-06-30,397786578.4,18.70556693,0.025533498,0.024887167,30446.47,coinbase-btc-usd-spot,1000273,2023-06-30,742.9234315,0.035125253,0.035561093,0.063410487,binance-doge-usdt-spot,1000273,2023-06-30,0.018437418,binance-rvn-usdt-spot
1000274,2023-07-01,334845664.4,18.5269626,0.025533238,0.024647085,30467.19,coinbase-btc-usd-spot,1000274,2023-07-01,770.8256045,0.035164428,0.036045391,0.066446043,binance-doge-usdt-spot,1000274,2023-07-01,0.020025794,binance-rvn-usdt-spot
1000275,2023-07-02,430515854.7,18.4194738,0.025531994,0.024559323,30587.21,coinbase-btc-usd-spot,1000275,2023-07-02,734.9064406,0.035150242,0.03592527,0.068503149,binance-doge-usdt-spot,1000275,2023-07-02,0.020497745,binance-rvn-usdt-spot
1000276,2023-07-03,344916211.5,18.32360896,0.025548121,0.024602372,30613.51,coinbase-btc-usd-spot,1000276,2023-07-03,760.0879553,0.035054303,0.035937796,0.068003879,binance-doge-usdt-spot,1000276,2023-07-03,0.020298173,binance-rvn-usdt-spot
1000277,2023-07-04,354986758.6,18.19937208,0.025567708,0.024763311,31161.8,coinbase-btc-usd-spot,1000277,2023-07-04,774.7723945,0.035037125,0.036023403,0.068454107,binance-doge-usdt-spot,1000277,2023-07-04,0.021271276,binance-rvn-usdt-spot
1000278,2023-07-05,392751304.9,18.08401515,0.025584365,0.022575964,30771.25,coinbase-btc-usd-spot,1000278,2023-07-05,711.4430392,0.035090408,0.032794744,0.068891043,binance-doge-usdt-spot,1000278,2023-07-05,0.020957275,binance-rvn-usdt-spot
1000279,2023-07-06,349951485.1,17.99139547,0.025627692,0.021005559,30499.27,coinbase-btc-usd-spot,1000279,2023-07-06,726.9384624,0.035152146,0.031477284,0.06701,binance-doge-usdt-spot,1000279,2023-07-06,0.02015,binance-rvn-usdt-spot
1000280,2023-07-07,440586401.9,17.92287012,0.025633961,0.019925396,29899.38,coinbase-btc-usd-spot,1000280,2023-07-07,721.5438835,0.035128874,0.030417704,0.064872595,binance-doge-usdt-spot,1000280,2023-07-07,0.019540782,binance-rvn-usdt-spot
1000281,2023-07-08,448139310.4,17.79099279,0.02563533,0.019959913,30352.08,coinbase-btc-usd-spot,1000281,2023-07-08,747.9471691,0.03505732,0.030366603,0.065409156,binance-doge-usdt-spot,1000281,2023-07-08,0.019872782,binance-rvn-usdt-spot
1000282,2023-07-09,425480581.2,17.72196634,0.025625553,0.019976808,30291.69,coinbase-btc-usd-spot,1000282,2023-07-09,767.9473737,0.03500641,0.030057971,0.065743146,binance-doge-usdt-spot,1000282,2023-07-09,0.019662163,binance-rvn-usdt-spot
1000283,2023-07-10,387716031.3,17.68657144,0.025585697,0.019291017,30168.38,coinbase-btc-usd-spot,1000283,2023-07-10,736.0482325,0.035003909,0.021087246,0.06536915,binance-doge-usdt-spot,1000283,2023-07-10,0.018782817,binance-rvn-usdt-spot
1000284,2023-07-11,339880937.9,17.49586044,0.02527178,0.019281042,30419.89,coinbase-btc-usd-spot,1000284,2023-07-11,760.5015789,0.034929972,0.0210324,0.065240437,binance-doge-usdt-spot,1000284,2023-07-11,0.019013042,binance-rvn-usdt-spot
1000285,2023-07-12,383801277.4,17.31698997,0.025015642,0.019405332,30626.55,coinbase-btc-usd-spot,1000285,2023-07-12,738.2437353,0.034717765,0.021081667,0.065283917,binance-doge-usdt-spot,1000285,2023-07-12,0.019170959,binance-rvn-usdt-spot
1000286,2023-07-13,321592672.2,17.11904933,0.024805825,0.020051198,30381.96,coinbase-btc-usd-spot,1000286,2023-07-13,795.9977969,0.035156303,0.025591679,0.065028049,binance-doge-usdt-spot,1000286,2023-07-13,0.019219616,binance-rvn-usdt-spot
1000287,2023-07-14,369831573.3,17.01632889,0.024964502,0.020437896,31471.83,coinbase-btc-usd-spot,1000287,2023-07-14,738.190358,0.035200847,0.025874018,0.07041886,binance-doge-usdt-spot,1000287,2023-07-14,0.020728495,binance-rvn-usdt-spot
1000288,2023-07-15,369831573.3,16.87581991,0.024947967,0.020348239,30330.52,coinbase-btc-usd-spot,1000288,2023-07-15,769.71357,0.035339887,0.027079207,0.0685263,binance-doge-usdt-spot,1000288,2023-07-15,0.019870526,binance-rvn-usdt-spot
1000289,2023-07-16,415390537.0,16.78917637,0.024948732,0.019863842,30301.65,coinbase-btc-usd-spot,1000289,2023-07-16,788.8012686,0.035421151,0.02796011,0.071990152,binance-doge-usdt-spot,1000289,2023-07-16,0.0200056,binance-rvn-usdt-spot
1000290,2023-07-17,364471694.9,16.74959083,0.024885384,0.01991358,30247.64,coinbase-btc-usd-spot,1000290,2023-07-17,775.2448744,0.035343906,0.027957481,0.069554065,binance-doge-usdt-spot,1000290,2023-07-17,0.019329467,binance-rvn-usdt-spot
1000291,2023-07-18,434150109.2,16.64351267,0.024875935,0.020003559,30143.08,coinbase-btc-usd-spot,1000291,2023-07-18,730.9984611,0.03535397,0.028268762,0.069817207,binance-doge-usdt-spot,1000291,2023-07-18,0.01975921,binance-rvn-usdt-spot
1000292,2023-07-19,396630964.9,16.5393983,0.024304057,0.019879517,29861.93,coinbase-btc-usd-spot,1000292,2023-07-19,757.8385997,0.035125499,0.028498679,0.06866,binance-doge-usdt-spot,1000292,2023-07-19,0.019210192,binance-rvn-usdt-spot
1000293,2023-07-20,343032185.5,16.46229862,0.024304467,0.017336741,29916.72,coinbase-btc-usd-spot,1000293,2023-07-20,771.4241352,0.035109782,0.028470235,0.070036303,binance-doge-usdt-spot,1000293,2023-07-20,0.019301737,binance-rvn-usdt-spot
1000294,2023-07-21,300153162.8,16.34381622,0.024301819,0.013185421,29809.13,coinbase-btc-usd-spot,1000294,2023-07-21,757.179963,0.035122938,0.028283905,0.07061435,binance-doge-usdt-spot,1000294,2023-07-21,0.019678426,binance-rvn-usdt-spot
1000295,2023-07-22,359111820.5,16.22186231,0.024302083,0.013208265,29907.98,coinbase-btc-usd-spot,1000295,2023-07-22,775.3854468,0.03525584,0.029500351,0.073224393,binance-doge-usdt-spot,1000295,2023-07-22,0.019581371,binance-rvn-usdt-spot
1000296,2023-07-23,393951023.8,16.12281852,0.024285772,0.012685322,29795.03,coinbase-btc-usd-spot,1000296,2023-07-23,738.4374971,0.035079498,0.029039554,0.070479866,binance-doge-usdt-spot,1000296,2023-07-23,0.019172876,binance-rvn-usdt-spot
1000297,2023-07-24,401990843.2,16.07319486,0.024351669,0.013770114,30081.61,coinbase-btc-usd-spot,1000297,2023-07-24,736.5042231,0.035100704,0.029291241,0.07179641,binance-doge-usdt-spot,1000297,2023-07-24,0.019459027,binance-rvn-usdt-spot
1000298,2023-07-25,369831573.3,15.92373018,0.02434799,0.01377902,29176.98,coinbase-btc-usd-spot,1000298,2023-07-25,783.1718937,0.035786419,0.033491882,0.074191096,binance-doge-usdt-spot,1000298,2023-07-25,0.018537775,binance-rvn-usdt-spot
1000299,2023-07-26,380796719.4,15.75049709,0.024349152,0.013782189,29225.14,coinbase-btc-usd-spot,1000299,2023-07-26,755.4537645,0.035934667,0.034129925,0.081840178,binance-doge-usdt-spot,1000299,2023-07-26,0.017987841,binance-rvn-usdt-spot
1000300,2023-07-27,358973120.0,15.61329008,0.024352602,0.01352674,29353.23,coinbase-btc-usd-spot,1000300,2023-07-27,742.5922078,0.03593309,0.034174366,0.077933117,binance-doge-usdt-spot,1000300,2023-07-27,0.018060542,binance-rvn-usdt-spot
1000301,2023-07-28,364175629.4,15.5229918,0.024239249,0.013176085,29214.93,coinbase-btc-usd-spot,1000301,2023-07-28,761.4388835,0.035864875,0.032875575,0.077592926,binance-doge-usdt-spot,1000301,2023-07-28,0.018285793,binance-rvn-usdt-spot
1000302,2023-07-29,343365595.5,15.41059208,0.024023394,0.012967389,29315.91,coinbase-btc-usd-spot,1000302,2023-07-29,742.3207147,0.035927185,0.033317488,0.077167685,binance-doge-usdt-spot,1000302,2023-07-29,0.018569629,binance-rvn-usdt-spot
1000303,2023-07-30,437010757.6,15.35834366,0.024006162,0.012967169,29355.71,coinbase-btc-usd-spot,1000303,2023-07-30,779.6936663,0.035394012,0.033139491,0.080239198,binance-doge-usdt-spot,1000303,2023-07-30,0.01855,binance-rvn-usdt-spot
1000304,2023-07-31,366776886.0,15.32098742,0.023938448,0.012938712,29281.39,coinbase-btc-usd-spot,1000304,2023-07-31,782.5220998,0.035374912,0.032844764,0.078012978,binance-doge-usdt-spot,1000304,2023-07-31,0.018408527,binance-rvn-usdt-spot
1000305,2023-08-01,361574376.6,15.20441014,0.023933431,0.013091792,29230.65,coinbase-btc-usd-spot,1000305,2023-08-01,789.2687684,0.035290922,0.032790347,0.077850657,binance-doge-usdt-spot,1000305,2023-08-01,0.018267808,binance-rvn-usdt-spot
1000306,2023-08-02,400593191.6,15.07039188,0.023952684,0.012743254,29696.62,coinbase-btc-usd-spot,1000306,2023-08-02,776.1187202,0.035431078,0.034188762,0.078110925,binance-doge-usdt-spot,1000306,2023-08-02,0.01845077,binance-rvn-usdt-spot
1000307,2023-08-03,392789429.4,14.89992808,0.023949697,0.012655672,29164.22,coinbase-btc-usd-spot,1000307,2023-08-03,780.2887678,0.035338546,0.034184484,0.074177695,binance-doge-usdt-spot,1000307,2023-08-03,0.01798956,binance-rvn-usdt-spot
1000308,2023-08-04,314751795.6,14.76738264,0.023913938,0.012576524,29173.2,coinbase-btc-usd-spot,1000308,2023-08-04,788.1472555,0.035206828,0.033681981,0.073521872,binance-doge-usdt-spot,1000308,2023-08-04,0.017955983,binance-rvn-usdt-spot
1000309,2023-08-05,400593191.6,14.59179113,0.023901029,0.012231305,29076.48,coinbase-btc-usd-spot,1000309,2023-08-05,800.1177372,0.035215815,0.033485307,0.073370081,binance-doge-usdt-spot,1000309,2023-08-05,0.017825546,binance-rvn-usdt-spot
1000310,2023-08-06,426605738.7,14.51259136,0.023847923,0.011997748,29047.12,coinbase-btc-usd-spot,1000310,2023-08-06,754.5716982,0.035137504,0.033776942,0.075640347,binance-doge-usdt-spot,1000310,2023-08-06,0.017713511,binance-rvn-usdt-spot
1000311,2023-08-07,379783157.7,14.47927273,0.023820586,0.012037506,29040.01,coinbase-btc-usd-spot,1000311,2023-08-07,744.3857335,0.035095242,0.033900356,0.074140028,binance-doge-usdt-spot,1000311,2023-08-07,0.017978483,binance-rvn-usdt-spot
1000312,2023-08-08,325156814.4,14.26929878,0.023551153,0.012685809,29179.19,coinbase-btc-usd-spot,1000312,2023-08-08,754.0260688,0.034315269,0.034021364,0.073456164,binance-doge-usdt-spot,1000312,2023-08-08,0.018169991,binance-rvn-usdt-spot
1000313,2023-08-09,421665740.4,14.14181299,0.023545514,0.012640165,29770.01,coinbase-btc-usd-spot,1000313,2023-08-09,776.7116672,0.034315187,0.033993961,0.074932265,binance-doge-usdt-spot,1000313,2023-08-09,0.018233251,binance-rvn-usdt-spot
1000314,2023-08-10,330756211.8,13.96431107,0.023540324,0.012566886,29562.76,coinbase-btc-usd-spot,1000314,2023-08-10,783.8955308,0.034294931,0.033987072,0.075354951,binance-doge-usdt-spot,1000314,2023-08-10,0.018177267,binance-rvn-usdt-spot
1000315,2023-08-11,393261324.2,13.84480774,0.02353704,0.012511423,29424.03,coinbase-btc-usd-spot,1000315,2023-08-11,780.9996002,0.034294278,0.033941292,0.075793497,binance-doge-usdt-spot,1000315,2023-08-11,0.017899571,binance-rvn-usdt-spot
1000316,2023-08-12,434931397.9,13.77585837,0.023537166,0.010630102,29400.45,coinbase-btc-usd-spot,1000316,2023-08-12,761.471548,0.034310478,0.030815428,0.075663503,binance-doge-usdt-spot,1000316,2023-08-12,0.017811813,binance-rvn-usdt-spot
1000317,2023-08-13,351591250.5,13.73074881,0.023504462,0.008464941,29416.96,coinbase-btc-usd-spot,1000317,2023-08-13,774.5052984,0.034339747,0.030753797,0.07665398,binance-doge-usdt-spot,1000317,2023-08-13,0.01793941,binance-rvn-usdt-spot
1000318,2023-08-14,445348917.3,13.71538231,0.022560573,0.008520588,29275.94,coinbase-btc-usd-spot,1000318,2023-08-14,763.8345062,0.033990045,0.029455801,0.074737647,binance-doge-usdt-spot,1000318,2023-08-14,0.017937435,binance-rvn-usdt-spot
1000319,2023-08-15,445348917.3,13.59517802,0.022496954,0.008623044,29405.49,coinbase-btc-usd-spot,1000319,2023-08-15,766.1302295,0.034055736,0.030541558,0.074619045,binance-doge-usdt-spot,1000319,2023-08-15,0.018142566,binance-rvn-usdt-spot
1000320,2023-08-16,424513878.6,13.48342511,0.022375441,0.008939838,29170.14,coinbase-btc-usd-spot,1000320,2023-08-16,765.7754887,0.034194989,0.03205977,0.070851977,binance-doge-usdt-spot,1000320,2023-08-16,0.017350893,binance-rvn-usdt-spot
1000321,2023-08-17,406283221.6,13.37463172,0.023089881,0.016167253,28700.51,coinbase-btc-usd-spot,1000321,2023-08-17,732.5043416,0.0348102,0.035842247,0.067090739,binance-doge-usdt-spot,1000321,2023-08-17,0.016680795,binance-rvn-usdt-spot
1000322,2023-08-18,362008769.9,13.31125768,0.023144093,0.016518534,26629.24,coinbase-btc-usd-spot,1000322,2023-08-18,774.2847412,0.03485786,0.036037146,0.061031138,binance-doge-usdt-spot,1000322,2023-08-18,0.015463385,binance-rvn-usdt-spot
1000323,2023-08-19,364613147.8,13.13618402,0.023108765,0.016564437,26048.89,coinbase-btc-usd-spot,1000323,2023-08-19,741.8437165,0.034853583,0.036077383,0.063247617,binance-doge-usdt-spot,1000323,2023-08-19,0.015757072,binance-rvn-usdt-spot
1000324,2023-08-20,421909500.6,12.96762265,0.023076818,0.016553467,26096.42,coinbase-btc-usd-spot,1000324,2023-08-20,768.4809748,0.034782145,0.035184085,0.063781226,binance-doge-usdt-spot,1000324,2023-08-20,0.015967742,binance-rvn-usdt-spot
1000325,2023-08-21,429722638.3,12.89835395,0.023064927,0.016555615,26189.14,coinbase-btc-usd-spot,1000325,2023-08-21,750.4190957,0.034807885,0.034583641,0.063842559,binance-doge-usdt-spot,1000325,2023-08-21,0.015803598,binance-rvn-usdt-spot
1000326,2023-08-22,381739775.7,12.69324296,0.023054967,0.016289122,26125.18,coinbase-btc-usd-spot,1000326,2023-08-22,776.5663031,0.034793267,0.03424266,0.062515429,binance-doge-usdt-spot,1000326,2023-08-22,0.015509329,binance-rvn-usdt-spot
1000327,2023-08-23,392623891.5,12.5260527,0.022969428,0.016096468,26042.92,coinbase-btc-usd-spot,1000327,2023-08-23,725.7239535,0.034710577,0.033763626,0.06255625,binance-doge-usdt-spot,1000327,2023-08-23,0.015499278,binance-rvn-usdt-spot
1000328,2023-08-24,384329021.8,12.40871153,0.022989988,0.016154324,26427.54,coinbase-btc-usd-spot,1000328,2023-08-24,751.0825306,0.034719233,0.028259688,0.063770697,binance-doge-usdt-spot,1000328,2023-08-24,0.01572715,binance-rvn-usdt-spot
1000329,2023-08-25,373269193.0,12.32819073,0.022961663,0.01607449,26163.49,coinbase-btc-usd-spot,1000329,2023-08-25,758.2523655,0.034687908,0.027438917,0.063040075,binance-doge-usdt-spot,1000329,2023-08-25,0.015170398,binance-rvn-usdt-spot
1000330,2023-08-26,378799107.4,12.24069812,0.022961525,0.016079222,26049.39,coinbase-btc-usd-spot,1000330,2023-08-26,767.4558729,0.034681486,0.027446247,0.063094326,binance-doge-usdt-spot,1000330,2023-08-26,0.015332624,binance-rvn-usdt-spot
1000331,2023-08-27,320735012.1,12.13856124,0.022931211,0.016065947,26009.61,coinbase-btc-usd-spot,1000331,2023-08-27,801.7193547,0.034682208,0.027517878,0.062870155,binance-doge-usdt-spot,1000331,2023-08-27,0.015294831,binance-rvn-usdt-spot
1000332,2023-08-28,326264922.5,12.08096268,0.022885945,0.016056819,26091.16,coinbase-btc-usd-spot,1000332,2023-08-28,750.6159399,0.034665648,0.026351654,0.063154875,binance-doge-usdt-spot,1000332,2023-08-28,0.015293529,binance-rvn-usdt-spot
1000333,2023-08-29,436863202.8,11.94717177,0.023282407,0.019677886,26101.04,coinbase-btc-usd-spot,1000333,2023-08-29,744.8822664,0.034809909,0.027695755,0.06340324,binance-doge-usdt-spot,1000333,2023-08-29,0.015599113,binance-rvn-usdt-spot
1000334,2023-08-30,348384580.2,11.83611731,0.023007514,0.019793402,27717.98,coinbase-btc-usd-spot,1000334,2023-08-30,795.5022088,0.034644631,0.027692867,0.066413905,binance-doge-usdt-spot,1000334,2023-08-30,0.015860234,binance-rvn-usdt-spot
1000335,2023-08-31,398153805.9,11.68193792,0.023326511,0.021518196,27306.06,coinbase-btc-usd-spot,1000335,2023-08-31,792.226967,0.034644437,0.028074737,0.065894624,binance-doge-usdt-spot,1000335,2023-08-31,0.015561704,binance-rvn-usdt-spot
1000336,2023-09-01,417508504.3,11.5310645,0.023330773,0.021469294,25932.45,coinbase-btc-usd-spot,1000336,2023-09-01,775.5431551,0.034642693,0.026954602,0.063740556,binance-doge-usdt-spot,1000336,2023-09-01,0.01487443,binance-rvn-usdt-spot
1000337,2023-09-02,420273463.5,11.38957156,0.023331014,0.021477686,25794.88,coinbase-btc-usd-spot,1000337,2023-09-02,805.0848223,0.034643356,0.026953775,0.063856483,binance-doge-usdt-spot,1000337,2023-09-02,0.014644154,binance-rvn-usdt-spot
1000338,2023-09-03,436863202.8,11.34205346,0.023315828,0.021522691,25867.83,coinbase-btc-usd-spot,1000338,2023-09-03,799.349808,0.034633675,0.026953118,0.063475878,binance-doge-usdt-spot,1000338,2023-09-03,0.015001758,binance-rvn-usdt-spot
1000339,2023-09-04,411978589.9,11.26305214,0.023261398,0.021516424,25969.82,coinbase-btc-usd-spot,1000339,2023-09-04,769.3769134,0.034528483,0.026148352,0.063166619,binance-doge-usdt-spot,1000339,2023-09-04,0.01491865,binance-rvn-usdt-spot
1000340,2023-09-05,342854665.7,11.1032576,0.022741708,0.021513629,25816.13,coinbase-btc-usd-spot,1000340,2023-09-05,742.4051186,0.034046251,0.026263411,0.06323575,binance-doge-usdt-spot,1000340,2023-09-05,0.014953981,binance-rvn-usdt-spot
1000341,2023-09-06,364053703.3,10.85129696,0.022736871,0.021468734,25782.9,coinbase-btc-usd-spot,1000341,2023-09-06,745.5365402,0.034048754,0.02623432,0.063999721,binance-doge-usdt-spot,1000341,2023-09-06,0.015125405,binance-rvn-usdt-spot
1000342,2023-09-07,393005454.4,10.62798983,0.022739408,0.021343174,25747.63,coinbase-btc-usd-spot,1000342,2023-09-07,765.6993819,0.034044884,0.025752983,0.063619583,binance-doge-usdt-spot,1000342,2023-09-07,0.014934704,binance-rvn-btc-spot
1000343,2023-09-08,358011817.2,10.46518597,0.022178994,0.021383156,26276.3,coinbase-btc-usd-spot,1000343,2023-09-08,821.2907254,0.033695887,0.025717789,0.063704331,binance-doge-usdt-spot,1000343,2023-09-08,0.015266372,binance-rvn-usdt-spot
1000344,2023-09-09,406464544.4,10.351913,0.02113933,0.021395219,25906.34,coinbase-btc-usd-spot,1000344,2023-09-09,812.9954593,0.033622338,0.025633574,0.063699771,binance-doge-usdt-spot,1000344,2023-09-09,0.015284404,binance-rvn-btc-spot
1000345,2023-09-10,395697270.8,10.29264846,0.021058803,0.021389421,25897.82,coinbase-btc-usd-spot,1000345,2023-09-10,776.7381409,0.033653756,0.026082748,0.063380725,binance-doge-usdt-spot,1000345,2023-09-10,0.015097779,binance-rvn-usdt-spot
1000346,2023-09-11,427999091.5,10.27477368,0.02113012,0.021773154,25831.79,coinbase-btc-usd-spot,1000346,2023-09-11,733.6469445,0.033281275,0.025823704,0.061276706,binance-doge-usdt-spot,1000346,2023-09-11,0.01471513,binance-rvn-usdt-spot
1000347,2023-09-12,379546364.3,10.218002,0.021150015,0.022624943,25152.14,coinbase-btc-usd-spot,1000347,2023-09-12,791.3800206,0.033166167,0.025759948,0.060460361,binance-doge-usdt-spot,1000347,2023-09-12,0.014164094,binance-rvn-usdt-spot
1000348,2023-09-13,395697270.8,10.12104365,0.020033388,0.022822362,25840.77,coinbase-btc-usd-spot,1000348,2023-09-13,792.4420631,0.032894592,0.025823333,0.060908767,binance-doge-usdt-spot,1000348,2023-09-13,0.01444252,binance-rvn-usdt-spot
1000349,2023-09-14,436074544.8,9.953406094,0.020015807,0.022996594,26226.65,coinbase-btc-usd-spot,1000349,2023-09-14,759.5318048,0.032746568,0.024431971,0.061272429,binance-doge-usdt-spot,1000349,2023-09-14,0.014583091,binance-rvn-usdt-spot
1000350,2023-09-15,506061819.1,9.816690772,0.019750633,0.022936946,26532.76,coinbase-btc-usd-spot,1000350,2023-09-15,804.1809448,0.032687368,0.022706806,0.062101979,binance-doge-usdt-spot,1000350,2023-09-15,0.014866033,binance-rvn-usdt-spot
1000351,2023-09-16,417231818.0,9.710071625,0.019731816,0.018334482,26602.42,coinbase-btc-usd-spot,1000351,2023-09-16,818.4792643,0.032496779,0.015514781,0.062509352,binance-doge-usdt-spot,1000351,2023-09-16,0.015131974,binance-rvn-usdt-spot
1000352,2023-09-17,401080907.6,9.653482646,0.019710495,0.017794888,26569.69,coinbase-btc-usd-spot,1000352,2023-09-17,764.1500783,0.032071156,0.014605689,0.062163443,binance-doge-usdt-spot,1000352,2023-09-17,0.015125649,binance-rvn-usdt-spot
1000353,2023-09-18,419923634.4,9.606360491,0.019599389,0.017873374,26530.95,coinbase-btc-usd-spot,1000353,2023-09-18,768.1918919,0.031968388,0.014603492,0.061479848,binance-doge-usdt-spot,1000353,2023-09-18,0.014722403,binance-rvn-usdt-spot
1000354,2023-09-19,386415687.8,9.420480497,0.019436351,0.018102986,26764.49,coinbase-btc-usd-spot,1000354,2023-09-19,820.8543176,0.031790658,0.014774981,0.061983265,binance-doge-usdt-spot,1000354,2023-09-19,0.015040955,binance-rvn-usdt-spot
1000355,2023-09-20,414558854.2,9.297099331,0.019281047,0.018111315,27216.04,coinbase-btc-usd-spot,1000355,2023-09-20,803.2023548,0.031675378,0.014323757,0.062697118,binance-doge-usdt-spot,1000355,2023-09-20,0.015303778,binance-rvn-usdt-spot
1000356,2023-09-21,391843298.8,9.145642484,0.019343439,0.01852055,27123.77,coinbase-btc-usd-spot,1000356,2023-09-21,791.8287994,0.031703406,0.014806726,0.062616214,binance-doge-usdt-spot,1000356,2023-09-21,0.015248611,binance-rvn-usdt-spot
1000357,2023-09-22,366288300.9,9.036580478,0.019283146,0.018229129,26564.54,coinbase-btc-usd-spot,1000357,2023-09-22,804.0741029,0.03169925,0.014350117,0.061300723,binance-doge-usdt-spot,1000357,2023-09-22,0.015240092,binance-rvn-usdt-spot
1000358,2023-09-23,442953294.4,8.949017309,0.019132395,0.018075205,26578.4,coinbase-btc-usd-spot,1000358,2023-09-23,852.130442,0.031654581,0.014209224,0.061515973,binance-doge-usdt-spot,1000358,2023-09-23,0.015151751,binance-rvn-btc-spot
1000359,2023-09-24,414558854.2,8.914756536,0.019145836,0.018185096,26579.6,coinbase-btc-usd-spot,1000359,2023-09-24,805.5302892,0.031644059,0.014349121,0.061528403,binance-doge-usdt-spot,1000359,2023-09-24,0.015102693,binance-rvn-usdt-spot
1000360,2023-09-25,411719407.7,8.871779427,0.018910633,0.018182511,26250.24,coinbase-btc-usd-spot,1000360,2023-09-25,787.59029,0.03158217,0.014358055,0.060691364,binance-doge-usdt-spot,1000360,2023-09-25,0.014639013,binance-rvn-usdt-spot
1000361,2023-09-26,386164409.9,8.775177336,0.018888536,0.018188912,26296.08,coinbase-btc-usd-spot,1000361,2023-09-26,825.3815442,0.031549394,0.014346694,0.060919381,binance-doge-usdt-spot,1000361,2023-09-26,0.014654672,binance-rvn-usdt-spot
1000362,2023-09-27,445792740.9,8.691334547,0.018846324,0.018214075,26208.43,coinbase-btc-usd-spot,1000362,2023-09-27,794.814795,0.031391607,0.014294572,0.060589415,binance-doge-usdt-spot,1000362,2023-09-27,0.014564644,binance-rvn-usdt-spot
1000363,2023-09-28,414558854.2,8.586193406,0.018950113,0.015404219,26357.62,coinbase-btc-usd-spot,1000363,2023-09-28,811.4732625,0.031092452,0.011951858,0.060499497,binance-doge-usdt-spot,1000363,2023-09-28,0.014591224,binance-rvn-usdt-spot
1000364,2023-09-29,417398296.6,8.509802646,0.018933394,0.015232559,27027.09,coinbase-btc-usd-spot,1000364,2023-09-29,804.3087422,0.030999395,0.012201975,0.06151295,binance-doge-usdt-spot,1000364,2023-09-29,0.014982589,binance-rvn-usdt-spot
1000365,2023-09-30,391843298.8,8.43547172,0.018916948,0.01195202,26907.0,coinbase-btc-usd-spot,1000365,2023-09-30,806.2715614,0.027451371,0.010824268,0.062129353,binance-doge-usdt-spot,1000365,2023-09-30,0.015249354,binance-rvn-usdt-spot
1000366,2023-10-01,400361634.1,8.404269907,0.019089097,0.013389312,26961.0,coinbase-btc-usd-spot,1000366,2023-10-01,804.4469197,0.027487234,0.011312174,0.062066386,binance-doge-usdt-spot,1000366,2023-10-01,0.015260651,binance-rvn-usdt-spot
1000367,2023-10-02,445792740.9,8.382905017,0.019115664,0.013724493,27995.46,coinbase-btc-usd-spot,1000367,2023-10-02,744.1350835,0.027483979,0.011765256,0.0632014,binance-doge-usdt-spot,1000367,2023-10-02,0.015905356,binance-rvn-usdt-spot
1000368,2023-10-03,466801497.0,8.321605669,0.019115096,0.013775509,27504.6,coinbase-btc-usd-spot,1000368,2023-10-03,792.5132805,0.0267648,0.011879855,0.062024599,binance-doge-usdt-spot,1000368,2023-10-03,0.015266004,binance-rvn-usdt-spot
1000369,2023-10-04,373280258.6,8.248130925,0.019137673,0.013831765,27428.96,coinbase-btc-usd-spot,1000369,2023-10-04,825.1437318,0.026642612,0.011893027,0.061373737,binance-doge-usdt-spot,1000369,2023-10-04,0.014980934,binance-rvn-usdt-spot
1000370,2023-10-05,401774937.1,8.192977759,0.019163569,0.014125382,27786.75,coinbase-btc-usd-spot,1000370,2023-10-05,790.0941225,0.026636524,0.011666905,0.06148595,binance-doge-usdt-spot,1000370,2023-10-05,0.014766456,binance-rvn-usdt-spot
1000371,2023-10-06,455914820.3,8.164105434,0.019185753,0.014429304,27412.96,coinbase-btc-usd-spot,1000371,2023-10-06,779.6554543,0.026581949,0.011746147,0.060865706,binance-doge-usdt-spot,1000371,2023-10-06,0.014550287,binance-rvn-usdt-spot
1000372,2023-10-07,487258964.7,8.115627465,0.018874981,0.01415641,27945.17,coinbase-btc-usd-spot,1000372,2023-10-07,833.236056,0.026531032,0.011751711,0.061402099,binance-doge-usdt-spot,1000372,2023-10-07,0.014837481,binance-rvn-usdt-spot
1000373,2023-10-08,421721210.1,8.07402095,0.018821278,0.013929239,27976.46,coinbase-btc-usd-spot,1000373,2023-10-08,810.4130745,0.026525819,0.011805074,0.061473507,binance-doge-usdt-spot,1000373,2023-10-08,0.014729221,binance-rvn-usdt-spot
1000374,2023-10-09,444516948.9,8.027653601,0.018825709,0.014186796,27933.55,coinbase-btc-usd-spot,1000374,2023-10-09,768.4879005,0.026658215,0.013542909,0.06099603,binance-doge-usdt-spot,1000374,2023-10-09,0.014810309,binance-rvn-usdt-spot
1000375,2023-10-10,461613756.0,7.960066826,0.01879399,0.014245633,27596.67,coinbase-btc-usd-spot,1000375,2023-10-10,823.4317205,0.02642011,0.012334736,0.058743943,binance-doge-usdt-spot,1000375,2023-10-10,0.014162921,binance-rvn-usdt-spot
1000376,2023-10-11,455914820.3,7.882771761,0.018858671,0.013885095,27393.29,coinbase-btc-usd-spot,1000376,2023-10-11,828.1961872,0.026398423,0.012182703,0.059138182,binance-doge-usdt-spot,1000376,2023-10-11,0.014101102,binance-rvn-usdt-spot
1000377,2023-10-12,470162157.5,7.806696305,0.018858163,0.01299591,26869.19,coinbase-btc-usd-spot,1000377,2023-10-12,804.1857938,0.026399447,0.012125845,0.058501271,binance-doge-usdt-spot,1000377,2023-10-12,0.013676794,binance-rvn-usdt-spot
1000378,2023-10-13,393226531.5,7.722629409,0.018861102,0.012775128,26750.51,coinbase-btc-usd-spot,1000378,2023-10-13,821.7453374,0.026376236,0.012197684,0.057859603,binance-doge-usdt-spot,1000378,2023-10-13,0.014115737,binance-rvn-usdt-spot
1000379,2023-10-14,416022274.4,7.664631218,0.018748016,0.012582722,26863.53,coinbase-btc-usd-spot,1000379,2023-10-14,865.607688,0.026442253,0.012898784,0.058395565,binance-doge-usdt-spot,1000379,2023-10-14,0.014010808,binance-rvn-usdt-spot
1000380,2023-10-15,475861093.2,7.649801756,0.018624862,0.012684165,26851.71,coinbase-btc-usd-spot,1000380,2023-10-15,831.1534805,0.026354403,0.012860701,0.059838284,binance-doge-usdt-spot,1000380,2023-10-15,0.01406156,binance-rvn-usdt-spot
1000381,2023-10-16,417078811.5,7.64674276,0.018579936,0.015467295,27186.13,coinbase-btc-usd-spot,1000381,2023-10-16,831.9329479,0.025851694,0.013078349,0.059379851,binance-doge-usdt-spot,1000381,2023-10-16,0.014135478,binance-rvn-usdt-spot
1000382,2023-10-17,491483968.4,7.626259892,0.018525932,0.015473298,28520.24,coinbase-btc-usd-spot,1000382,2023-10-17,797.3155714,0.025691179,0.013266303,0.060036395,binance-doge-usdt-spot,1000382,2023-10-17,0.014328581,binance-rvn-usdt-spot
1000383,2023-10-18,439908488.3,7.597465163,0.018346075,0.015444524,28415.8,kraken-btc-usd-spot,1000383,2023-10-18,820.482467,0.025260197,0.013174627,0.059081376,binance-doge-usdt-spot,1000383,2023-10-18,0.013948338,binance-rvn-usdt-spot
1000384,2023-10-19,424739231.0,7.550223011,0.018313527,0.015329682,28335.1,kraken-btc-usd-spot,1000384,2023-10-19,778.641436,0.025188883,0.012973519,0.058611234,binance-doge-usdt-spot,1000384,2023-10-19,0.013727311,binance-rvn-usdt-spot
1000385,2023-10-20,406536124.0,7.51729495,0.018483337,0.016435206,28726.9,kraken-btc-usd-spot,1000385,2023-10-20,763.7365781,0.025204435,0.013559856,0.058897063,binance-doge-usdt-spot,1000385,2023-10-20,0.013746276,binance-rvn-usdt-spot
1000386,2023-10-21,455077750.0,7.466013848,0.018488597,0.015813517,29688.0,bitstamp-btc-usd-spot,1000386,2023-10-21,811.3055866,0.025252809,0.013583673,0.059938259,binance-doge-usdt-spot,1000386,2023-10-21,0.014058979,binance-rvn-usdt-spot
1000387,2023-10-22,464179303.5,7.434459846,0.018373201,0.015803227,29920.2,kraken-btc-usd-spot,1000387,2023-10-22,806.4882336,0.025237189,0.013641052,0.061225209,binance-doge-usdt-spot,1000387,2023-10-22,0.014418291,binance-rvn-usdt-spot
1000388,2023-10-23,476314711.1,7.428476681,0.019666605,0.022821821,30002.0,bitstamp-btc-usd-spot,1000388,2023-10-23,850.4574169,0.025984216,0.020387162,0.061719605,binance-doge-usdt-spot,1000388,2023-10-23,0.01469853,binance-rvn-btc-spot
1000389,2023-10-24,382265308.8,7.410692387,0.019579328,0.022855856,33084.4,kraken-btc-usd-spot,1000389,2023-10-24,798.3208231,0.025936994,0.020269607,0.067439353,binance-doge-usdt-spot,1000389,2023-10-24,0.015380479,binance-rvn-usdt-spot
1000390,2023-10-25,436874638.6,7.375110746,0.019617037,0.022860535,33917.0,bitstamp-btc-usd-spot,1000390,2023-10-25,823.584626,0.02602387,0.020759864,0.066585041,binance-doge-usdt-spot,1000390,2023-10-25,0.01575498,binance-rvn-usdt-spot
1000391,2023-10-26,455077750.0,7.321285315,0.019626795,0.022983195,34498.0,bitstamp-btc-usd-spot,1000391,2023-10-26,789.5128975,0.026260017,0.022205151,0.068323882,binance-doge-usdt-spot,1000391,2023-10-26,0.015903526,binance-rvn-usdt-spot
1000392,2023-10-27,467213153.2,7.281873817,0.019636586,0.023191157,34155.2,kraken-btc-usd-spot,1000392,2023-10-27,851.0882799,0.02655854,0.025014655,0.071857448,binance-doge-usdt-spot,1000392,2023-10-27,0.015641617,binance-rvn-usdt-spot
1000393,2023-10-28,485416264.6,7.252999751,0.019358249,0.022951489,33915.1,kraken-btc-usd-spot,1000393,2023-10-28,842.588462,0.026575569,0.025017366,0.067806144,binance-doge-usdt-spot,1000393,2023-10-28,0.01524978,binance-rvn-usdt-spot
1000394,2023-10-29,415637677.5,7.224908686,0.019329372,0.022859785,34092.1,kraken-btc-usd-spot,1000394,2023-10-29,811.7518627,0.026581239,0.024976916,0.06902387,binance-doge-usdt-spot,1000394,2023-10-29,0.015805466,binance-rvn-usdt-spot
1000395,2023-10-30,482896145.8,7.219779946,0.019312532,0.022918497,34529.5,kraken-btc-usd-spot,1000395,2023-10-30,787.0369433,0.026566025,0.024959738,0.069374325,binance-doge-usdt-spot,1000395,2023-10-30,0.018671958,binance-rvn-usdt-spot
1000396,2023-10-31,481286783.4,7.182524042,0.019305745,0.022341988,34508.1,kraken-btc-usd-spot,1000396,2023-10-31,758.0741098,0.026585491,0.025264832,0.06965736,binance-doge-usdt-spot,1000396,2023-10-31,0.017987389,binance-rvn-usdt-spot
